Device: cuda  visible=7
MODEL_NAME=hg_sparse_s0_no_gumbel  use_gumbel=False

======================================================================
HyperGraph (pure sparse SSSSSS) — phase=init epochs=10
======================================================================
  6 layers, 512 dim, 8 heads, K=4, top_k=1
  DataLoader bs=32, micro-batch=16, grad_accum=2
  train: 118,376,629 tokens -> 231,204 sequences
  validation: 248,309 tokens -> 484 sequences
  use_gumbel=False
  Parameters: 44,717,568
  Steps/epoch (optimizer): 7,225
  Micro-steps/epoch: 231,200
    batch    50/7225  ce=32.7974  aux=6.1053  lr=3.00e-04  ETA=28.2min
    batch   100/7225  ce=25.8734  aux=6.0839  lr=3.00e-04  ETA=27.5min
    batch   150/7225  ce=19.3272  aux=6.0720  lr=3.00e-04  ETA=27.2min
    batch   200/7225  ce=15.4357  aux=6.0543  lr=3.00e-04  ETA=26.9min
    batch   250/7225  ce=12.4287  aux=6.0937  lr=3.00e-04  ETA=26.7min
    batch   300/7225  ce=10.4403  aux=6.0503  lr=3.00e-04  ETA=26.5min
    batch   350/7225  ce=9.5221  aux=6.0496  lr=3.00e-04  ETA=26.3min
    batch   400/7225  ce=8.6741  aux=6.0378  lr=3.00e-04  ETA=26.1min
    batch   450/7225  ce=8.3729  aux=6.0555  lr=3.00e-04  ETA=25.9min
    batch   500/7225  ce=8.0220  aux=5.9844  lr=3.00e-04  ETA=25.7min
    batch   550/7225  ce=7.9449  aux=5.9724  lr=3.00e-04  ETA=25.5min
    batch   600/7225  ce=9.2727  aux=6.0051  lr=3.00e-04  ETA=25.3min
    batch   650/7225  ce=7.6157  aux=5.9823  lr=3.00e-04  ETA=25.1min
    batch   700/7225  ce=7.5589  aux=6.0024  lr=3.00e-04  ETA=24.9min
    batch   750/7225  ce=7.4021  aux=5.9750  lr=3.00e-04  ETA=24.7min
    batch   800/7225  ce=7.1527  aux=5.9781  lr=3.00e-04  ETA=24.5min
    batch   850/7225  ce=7.0337  aux=5.9817  lr=3.00e-04  ETA=24.3min
    batch   900/7225  ce=7.0139  aux=5.9753  lr=3.00e-04  ETA=24.1min
    batch   950/7225  ce=6.8728  aux=5.9777  lr=3.00e-04  ETA=23.9min
    batch  1000/7225  ce=7.0483  aux=5.9588  lr=3.00e-04  ETA=23.7min
    batch  1050/7225  ce=6.9436  aux=5.9925  lr=3.00e-04  ETA=23.5min
    batch  1100/7225  ce=7.7918  aux=5.9777  lr=3.00e-04  ETA=23.3min
    batch  1150/7225  ce=14.3594  aux=6.3623  lr=3.00e-04  ETA=23.1min
    batch  1200/7225  ce=13.1909  aux=6.2767  lr=3.00e-04  ETA=22.9min
    batch  1250/7225  ce=9.0700  aux=6.1545  lr=3.00e-04  ETA=22.8min
    batch  1300/7225  ce=7.7010  aux=6.1115  lr=3.00e-04  ETA=22.6min
    batch  1350/7225  ce=7.0290  aux=6.1187  lr=3.00e-04  ETA=22.4min
    batch  1400/7225  ce=6.6476  aux=6.0573  lr=3.00e-04  ETA=22.2min
    batch  1450/7225  ce=6.6874  aux=6.0744  lr=3.00e-04  ETA=22.0min
    batch  1500/7225  ce=6.3994  aux=5.9940  lr=3.00e-04  ETA=21.8min
    batch  1550/7225  ce=6.6727  aux=5.9688  lr=3.00e-04  ETA=21.6min
    batch  1600/7225  ce=6.5711  aux=5.9638  lr=3.00e-04  ETA=21.4min
    batch  1650/7225  ce=6.5425  aux=5.9529  lr=3.00e-04  ETA=21.2min
    batch  1700/7225  ce=6.6528  aux=5.9529  lr=3.00e-04  ETA=21.0min
    batch  1750/7225  ce=6.4473  aux=5.9600  lr=3.00e-04  ETA=20.8min
    batch  1800/7225  ce=6.4557  aux=5.9394  lr=3.00e-04  ETA=20.6min
    batch  1850/7225  ce=6.4977  aux=5.9449  lr=3.00e-04  ETA=20.4min
    batch  1900/7225  ce=6.5674  aux=5.9487  lr=2.99e-04  ETA=20.2min
    batch  1950/7225  ce=6.5796  aux=5.9474  lr=2.99e-04  ETA=20.1min
    batch  2000/7225  ce=6.4953  aux=5.9461  lr=2.99e-04  ETA=19.9min
    batch  2050/7225  ce=6.3449  aux=5.9433  lr=2.99e-04  ETA=19.7min
    batch  2100/7225  ce=6.4721  aux=5.9450  lr=2.99e-04  ETA=19.5min
    batch  2150/7225  ce=6.5159  aux=5.9563  lr=2.99e-04  ETA=19.3min
    batch  2200/7225  ce=6.3566  aux=5.9518  lr=2.99e-04  ETA=19.1min
    batch  2250/7225  ce=6.3192  aux=5.9498  lr=2.99e-04  ETA=18.9min
    batch  2300/7225  ce=6.2252  aux=5.9411  lr=2.99e-04  ETA=18.7min
    batch  2350/7225  ce=6.4846  aux=5.9350  lr=2.99e-04  ETA=18.5min
    batch  2400/7225  ce=6.3416  aux=5.9467  lr=2.99e-04  ETA=18.3min
    batch  2450/7225  ce=6.2655  aux=5.9407  lr=2.99e-04  ETA=18.1min
    batch  2500/7225  ce=6.2143  aux=5.9399  lr=2.99e-04  ETA=18.0min
    batch  2550/7225  ce=6.2317  aux=5.9621  lr=2.99e-04  ETA=17.8min
    batch  2600/7225  ce=6.1851  aux=5.9527  lr=2.99e-04  ETA=17.6min
    batch  2650/7225  ce=6.4125  aux=5.9403  lr=2.99e-04  ETA=17.4min
    batch  2700/7225  ce=6.1810  aux=5.9412  lr=2.99e-04  ETA=17.2min
    batch  2750/7225  ce=6.2637  aux=5.9456  lr=2.99e-04  ETA=17.0min
    batch  2800/7225  ce=6.2418  aux=5.9459  lr=2.99e-04  ETA=16.8min
    batch  2850/7225  ce=6.2277  aux=5.9388  lr=2.99e-04  ETA=16.6min
    batch  2900/7225  ce=6.2404  aux=5.9396  lr=2.99e-04  ETA=16.4min
    batch  2950/7225  ce=6.2302  aux=5.9384  lr=2.99e-04  ETA=16.2min
    batch  3000/7225  ce=6.0720  aux=5.9363  lr=2.99e-04  ETA=16.0min
    batch  3050/7225  ce=6.2623  aux=5.9351  lr=2.99e-04  ETA=15.8min
    batch  3100/7225  ce=6.0936  aux=5.9394  lr=2.99e-04  ETA=15.7min
    batch  3150/7225  ce=6.1349  aux=5.9399  lr=2.99e-04  ETA=15.5min
    batch  3200/7225  ce=6.3854  aux=5.9378  lr=2.99e-04  ETA=15.3min
    batch  3250/7225  ce=6.1050  aux=5.9398  lr=2.99e-04  ETA=15.1min
    batch  3300/7225  ce=6.1425  aux=5.9403  lr=2.98e-04  ETA=14.9min
    batch  3350/7225  ce=6.1355  aux=5.9401  lr=2.98e-04  ETA=14.7min
    batch  3400/7225  ce=6.0875  aux=5.9381  lr=2.98e-04  ETA=14.5min
    batch  3450/7225  ce=5.9144  aux=5.9363  lr=2.98e-04  ETA=14.3min
    batch  3500/7225  ce=6.0854  aux=5.9363  lr=2.98e-04  ETA=14.1min
    batch  3550/7225  ce=6.1592  aux=5.9361  lr=2.98e-04  ETA=13.9min
    batch  3600/7225  ce=6.1325  aux=5.9380  lr=2.98e-04  ETA=13.8min
    batch  3650/7225  ce=5.9239  aux=5.9415  lr=2.98e-04  ETA=13.6min
    batch  3700/7225  ce=5.9756  aux=5.9344  lr=2.98e-04  ETA=13.4min
    batch  3750/7225  ce=6.0984  aux=5.9414  lr=2.98e-04  ETA=13.2min
    batch  3800/7225  ce=5.9147  aux=5.9402  lr=2.98e-04  ETA=13.0min
    batch  3850/7225  ce=6.0399  aux=5.9392  lr=2.98e-04  ETA=12.8min
    batch  3900/7225  ce=6.0242  aux=5.9409  lr=2.98e-04  ETA=12.6min
    batch  3950/7225  ce=6.0287  aux=5.9349  lr=2.98e-04  ETA=12.4min
    batch  4000/7225  ce=5.8179  aux=5.9389  lr=2.98e-04  ETA=12.2min
    batch  4050/7225  ce=5.8131  aux=5.9457  lr=2.98e-04  ETA=12.0min
    batch  4100/7225  ce=9.9111  aux=6.5474  lr=2.98e-04  ETA=11.9min
    batch  4150/7225  ce=6.8820  aux=6.2112  lr=2.98e-04  ETA=11.7min
    batch  4200/7225  ce=6.1027  aux=6.0567  lr=2.98e-04  ETA=11.5min
    batch  4250/7225  ce=6.0851  aux=6.0137  lr=2.97e-04  ETA=11.3min
    batch  4300/7225  ce=5.8819  aux=5.9617  lr=2.97e-04  ETA=11.1min
    batch  4350/7225  ce=5.9765  aux=5.9527  lr=2.97e-04  ETA=10.9min
    batch  4400/7225  ce=6.4741  aux=5.9816  lr=2.97e-04  ETA=10.7min
    batch  4450/7225  ce=6.2818  aux=5.9460  lr=2.97e-04  ETA=10.5min
    batch  4500/7225  ce=6.1049  aux=5.9445  lr=2.97e-04  ETA=10.3min
    batch  4550/7225  ce=6.0822  aux=5.9407  lr=2.97e-04  ETA=10.1min
    batch  4600/7225  ce=6.1354  aux=5.9450  lr=2.97e-04  ETA=10.0min
    batch  4650/7225  ce=5.9875  aux=5.9411  lr=2.97e-04  ETA=9.8min
    batch  4700/7225  ce=6.1644  aux=5.9387  lr=2.97e-04  ETA=9.6min
    batch  4750/7225  ce=5.8673  aux=5.9359  lr=2.97e-04  ETA=9.4min
    batch  4800/7225  ce=5.9009  aux=5.9347  lr=2.97e-04  ETA=9.2min
    batch  4850/7225  ce=5.8154  aux=5.9369  lr=2.97e-04  ETA=9.0min
    batch  4900/7225  ce=5.8185  aux=5.9382  lr=2.97e-04  ETA=8.8min
    batch  4950/7225  ce=5.7568  aux=5.9369  lr=2.97e-04  ETA=8.6min
    batch  5000/7225  ce=5.9496  aux=5.9414  lr=2.96e-04  ETA=8.4min
    batch  5050/7225  ce=5.9116  aux=5.9339  lr=2.96e-04  ETA=8.2min
    batch  5100/7225  ce=5.9632  aux=5.9466  lr=2.96e-04  ETA=8.1min
    batch  5150/7225  ce=5.6565  aux=5.9383  lr=2.96e-04  ETA=7.9min
    batch  5200/7225  ce=5.8181  aux=5.9353  lr=2.96e-04  ETA=7.7min
    batch  5250/7225  ce=5.9568  aux=5.9360  lr=2.96e-04  ETA=7.5min
    batch  5300/7225  ce=5.8610  aux=5.9364  lr=2.96e-04  ETA=7.3min
    batch  5350/7225  ce=5.9639  aux=5.9373  lr=2.96e-04  ETA=7.1min
    batch  5400/7225  ce=5.8537  aux=5.9327  lr=2.96e-04  ETA=6.9min
    batch  5450/7225  ce=5.8676  aux=5.9354  lr=2.96e-04  ETA=6.7min
    batch  5500/7225  ce=5.8694  aux=5.9411  lr=2.96e-04  ETA=6.5min
    batch  5550/7225  ce=5.5625  aux=5.9352  lr=2.96e-04  ETA=6.4min
    batch  5600/7225  ce=5.8660  aux=5.9375  lr=2.96e-04  ETA=6.2min
    batch  5650/7225  ce=5.8559  aux=5.9441  lr=2.95e-04  ETA=6.0min
    batch  5700/7225  ce=5.5866  aux=5.9366  lr=2.95e-04  ETA=5.8min
    batch  5750/7225  ce=5.6646  aux=5.9337  lr=2.95e-04  ETA=5.6min
    batch  5800/7225  ce=5.6444  aux=5.9335  lr=2.95e-04  ETA=5.4min
    batch  5850/7225  ce=5.8926  aux=5.9352  lr=2.95e-04  ETA=5.2min
    batch  5900/7225  ce=5.7926  aux=5.9374  lr=2.95e-04  ETA=5.0min
    batch  5950/7225  ce=5.6820  aux=5.9359  lr=2.95e-04  ETA=4.8min
    batch  6000/7225  ce=5.6607  aux=5.9348  lr=2.95e-04  ETA=4.6min
    batch  6050/7225  ce=5.6379  aux=5.9393  lr=2.95e-04  ETA=4.5min
    batch  6100/7225  ce=5.6959  aux=5.9334  lr=2.95e-04  ETA=4.3min
    batch  6150/7225  ce=5.7586  aux=5.9411  lr=2.95e-04  ETA=4.1min
    batch  6200/7225  ce=5.5075  aux=5.9348  lr=2.95e-04  ETA=3.9min
    batch  6250/7225  ce=5.7207  aux=5.9319  lr=2.94e-04  ETA=3.7min
    batch  6300/7225  ce=5.8272  aux=5.9368  lr=2.94e-04  ETA=3.5min
    batch  6350/7225  ce=5.5485  aux=5.9352  lr=2.94e-04  ETA=3.3min
    batch  6400/7225  ce=5.6602  aux=5.9356  lr=2.94e-04  ETA=3.1min
    batch  6450/7225  ce=5.6008  aux=5.9343  lr=2.94e-04  ETA=2.9min
    batch  6500/7225  ce=5.5370  aux=5.9330  lr=2.94e-04  ETA=2.7min
    batch  6550/7225  ce=5.6671  aux=5.9330  lr=2.94e-04  ETA=2.6min
    batch  6600/7225  ce=5.2867  aux=5.9371  lr=2.94e-04  ETA=2.4min
    batch  6650/7225  ce=5.6384  aux=5.9377  lr=2.94e-04  ETA=2.2min
    batch  6700/7225  ce=5.7182  aux=5.9459  lr=2.94e-04  ETA=2.0min
    batch  6750/7225  ce=6.1919  aux=6.0172  lr=2.94e-04  ETA=1.8min
    batch  6800/7225  ce=5.7104  aux=5.9383  lr=2.93e-04  ETA=1.6min
    batch  6850/7225  ce=5.7868  aux=5.9359  lr=2.93e-04  ETA=1.4min
    batch  6900/7225  ce=6.3482  aux=5.9764  lr=2.93e-04  ETA=1.2min
    batch  6950/7225  ce=6.2159  aux=5.9944  lr=2.93e-04  ETA=1.0min
    batch  7000/7225  ce=6.0243  aux=5.9598  lr=2.93e-04  ETA=0.9min
    batch  7050/7225  ce=5.9356  aux=5.9552  lr=2.93e-04  ETA=0.7min
    batch  7100/7225  ce=5.8008  aux=5.9551  lr=2.93e-04  ETA=0.5min
    batch  7150/7225  ce=5.9975  aux=5.9448  lr=2.93e-04  ETA=0.3min
    batch  7200/7225  ce=5.8448  aux=5.9473  lr=2.93e-04  ETA=0.1min
  Epoch 1  train=7.2654  aux=5.9735  val=5.7896  ppl=326.9  best=5.7896  [1645.4s] *
    batch    50/7225  ce=5.7768  aux=5.9495  lr=2.93e-04  ETA=27.3min
    batch   100/7225  ce=5.8075  aux=5.9500  lr=2.92e-04  ETA=27.0min
    batch   150/7225  ce=5.6305  aux=5.9370  lr=2.92e-04  ETA=26.8min
    batch   200/7225  ce=5.6716  aux=5.9369  lr=2.92e-04  ETA=26.6min
    batch   250/7225  ce=5.6148  aux=5.9356  lr=2.92e-04  ETA=26.4min
    batch   300/7225  ce=5.7619  aux=5.9351  lr=2.92e-04  ETA=26.2min
    batch   350/7225  ce=5.7760  aux=5.9424  lr=2.92e-04  ETA=26.0min
    batch   400/7225  ce=5.4175  aux=5.9351  lr=2.92e-04  ETA=25.8min
    batch   450/7225  ce=5.7453  aux=5.9330  lr=2.92e-04  ETA=25.6min
    batch   500/7225  ce=5.6650  aux=5.9379  lr=2.92e-04  ETA=25.5min
    batch   550/7225  ce=5.5118  aux=5.9352  lr=2.92e-04  ETA=25.3min
    batch   600/7225  ce=5.5952  aux=5.9347  lr=2.91e-04  ETA=25.1min
    batch   650/7225  ce=5.4237  aux=5.9373  lr=2.91e-04  ETA=24.9min
    batch   700/7225  ce=5.3760  aux=5.9326  lr=2.91e-04  ETA=24.7min
    batch   750/7225  ce=5.6757  aux=5.9404  lr=2.91e-04  ETA=24.5min
    batch   800/7225  ce=5.4501  aux=5.9313  lr=2.91e-04  ETA=24.3min
    batch   850/7225  ce=5.4916  aux=5.9335  lr=2.91e-04  ETA=24.1min
    batch   900/7225  ce=5.7657  aux=5.9472  lr=2.91e-04  ETA=23.9min
    batch   950/7225  ce=5.6411  aux=5.9695  lr=2.91e-04  ETA=23.8min
    batch  1000/7225  ce=5.4767  aux=5.9641  lr=2.91e-04  ETA=23.6min
    batch  1050/7225  ce=5.6502  aux=5.9345  lr=2.90e-04  ETA=23.4min
    batch  1100/7225  ce=5.4916  aux=5.9382  lr=2.90e-04  ETA=23.2min
    batch  1150/7225  ce=5.7855  aux=5.9416  lr=2.90e-04  ETA=23.0min
    batch  1200/7225  ce=5.7876  aux=5.9409  lr=2.90e-04  ETA=22.8min
    batch  1250/7225  ce=7.1156  aux=5.9943  lr=2.90e-04  ETA=22.6min
    batch  1300/7225  ce=6.1982  aux=5.9714  lr=2.90e-04  ETA=22.4min
    batch  1350/7225  ce=5.6684  aux=5.9432  lr=2.90e-04  ETA=22.2min
    batch  1400/7225  ce=6.0453  aux=5.9478  lr=2.90e-04  ETA=22.0min
    batch  1450/7225  ce=6.3486  aux=5.9764  lr=2.89e-04  ETA=21.9min
    batch  1500/7225  ce=6.1109  aux=5.9632  lr=2.89e-04  ETA=21.7min
    batch  1550/7225  ce=6.4478  aux=5.9723  lr=2.89e-04  ETA=21.5min
    batch  1600/7225  ce=6.3064  aux=5.9671  lr=2.89e-04  ETA=21.3min
    batch  1650/7225  ce=6.2585  aux=5.9612  lr=2.89e-04  ETA=21.1min
    batch  1700/7225  ce=6.1055  aux=5.9560  lr=2.89e-04  ETA=20.9min
    batch  1750/7225  ce=6.2693  aux=5.9795  lr=2.89e-04  ETA=20.7min
    batch  1800/7225  ce=6.0499  aux=5.9572  lr=2.89e-04  ETA=20.5min
    batch  1850/7225  ce=5.4211  aux=5.9403  lr=2.88e-04  ETA=20.3min
    batch  1900/7225  ce=5.7354  aux=5.9388  lr=2.88e-04  ETA=20.2min
    batch  1950/7225  ce=5.7878  aux=5.9417  lr=2.88e-04  ETA=20.0min
    batch  2000/7225  ce=5.7453  aux=5.9600  lr=2.88e-04  ETA=19.8min
    batch  2050/7225  ce=6.0610  aux=6.1188  lr=2.88e-04  ETA=19.6min
    batch  2100/7225  ce=6.0699  aux=5.9726  lr=2.88e-04  ETA=19.4min
    batch  2150/7225  ce=5.8885  aux=5.9958  lr=2.88e-04  ETA=19.2min
    batch  2200/7225  ce=6.0264  aux=6.0144  lr=2.88e-04  ETA=19.0min
    batch  2250/7225  ce=6.3155  aux=5.9717  lr=2.87e-04  ETA=18.8min
    batch  2300/7225  ce=5.9560  aux=5.9632  lr=2.87e-04  ETA=18.7min
    batch  2350/7225  ce=6.2671  aux=5.9495  lr=2.87e-04  ETA=18.5min
    batch  2400/7225  ce=6.2820  aux=5.9525  lr=2.87e-04  ETA=18.3min
    batch  2450/7225  ce=6.2071  aux=5.9510  lr=2.87e-04  ETA=18.1min
    batch  2500/7225  ce=5.9623  aux=5.9372  lr=2.87e-04  ETA=17.9min
    batch  2550/7225  ce=6.1504  aux=5.9550  lr=2.87e-04  ETA=17.7min
    batch  2600/7225  ce=6.0328  aux=5.9434  lr=2.87e-04  ETA=17.5min
    batch  2650/7225  ce=5.8118  aux=5.9834  lr=2.86e-04  ETA=17.3min
    batch  2700/7225  ce=5.7347  aux=5.9639  lr=2.86e-04  ETA=17.1min
    batch  2750/7225  ce=5.6299  aux=5.9551  lr=2.86e-04  ETA=16.9min
    batch  2800/7225  ce=5.7451  aux=5.9463  lr=2.86e-04  ETA=16.8min
    batch  2850/7225  ce=5.6090  aux=5.9385  lr=2.86e-04  ETA=16.6min
    batch  2900/7225  ce=5.5276  aux=5.9420  lr=2.86e-04  ETA=16.4min
    batch  2950/7225  ce=5.3952  aux=5.9335  lr=2.86e-04  ETA=16.2min
    batch  3000/7225  ce=5.2839  aux=5.9348  lr=2.85e-04  ETA=16.0min
    batch  3050/7225  ce=5.5119  aux=5.9306  lr=2.85e-04  ETA=15.8min
    batch  3100/7225  ce=5.6457  aux=5.9311  lr=2.85e-04  ETA=15.6min
    batch  3150/7225  ce=5.5593  aux=5.9283  lr=2.85e-04  ETA=15.4min
    batch  3200/7225  ce=5.4453  aux=5.9295  lr=2.85e-04  ETA=15.2min
    batch  3250/7225  ce=5.5694  aux=5.9289  lr=2.85e-04  ETA=15.1min
    batch  3300/7225  ce=5.3471  aux=5.9317  lr=2.85e-04  ETA=14.9min
    batch  3350/7225  ce=5.5507  aux=5.9287  lr=2.84e-04  ETA=14.7min
    batch  3400/7225  ce=5.5695  aux=5.9294  lr=2.84e-04  ETA=14.5min
    batch  3450/7225  ce=5.4092  aux=5.9285  lr=2.84e-04  ETA=14.3min
    batch  3500/7225  ce=5.4192  aux=5.9348  lr=2.84e-04  ETA=14.1min
    batch  3550/7225  ce=5.3012  aux=5.9281  lr=2.84e-04  ETA=13.9min
    batch  3600/7225  ce=5.4670  aux=5.9294  lr=2.84e-04  ETA=13.7min
    batch  3650/7225  ce=5.4399  aux=5.9297  lr=2.84e-04  ETA=13.5min
    batch  3700/7225  ce=5.5142  aux=5.9274  lr=2.83e-04  ETA=13.3min
    batch  3750/7225  ce=5.6460  aux=5.9283  lr=2.83e-04  ETA=13.2min
    batch  3800/7225  ce=5.4126  aux=5.9292  lr=2.83e-04  ETA=13.0min
    batch  3850/7225  ce=5.3906  aux=5.9307  lr=2.83e-04  ETA=12.8min
    batch  3900/7225  ce=5.3831  aux=5.9273  lr=2.83e-04  ETA=12.6min
    batch  3950/7225  ce=5.4404  aux=5.9271  lr=2.83e-04  ETA=12.4min
    batch  4000/7225  ce=5.3822  aux=5.9277  lr=2.82e-04  ETA=12.2min
    batch  4050/7225  ce=5.2496  aux=5.9268  lr=2.82e-04  ETA=12.0min
    batch  4100/7225  ce=5.3546  aux=5.9284  lr=2.82e-04  ETA=11.8min
    batch  4150/7225  ce=5.3472  aux=5.9283  lr=2.82e-04  ETA=11.6min
    batch  4200/7225  ce=5.3936  aux=5.9285  lr=2.82e-04  ETA=11.5min
    batch  4250/7225  ce=5.2828  aux=5.9268  lr=2.82e-04  ETA=11.3min
    batch  4300/7225  ce=5.3148  aux=5.9286  lr=2.82e-04  ETA=11.1min
    batch  4350/7225  ce=5.4935  aux=5.9274  lr=2.81e-04  ETA=10.9min
    batch  4400/7225  ce=5.2856  aux=5.9283  lr=2.81e-04  ETA=10.7min
    batch  4450/7225  ce=5.4408  aux=5.9260  lr=2.81e-04  ETA=10.5min
    batch  4500/7225  ce=5.3164  aux=5.9283  lr=2.81e-04  ETA=10.3min
    batch  4550/7225  ce=5.1923  aux=5.9275  lr=2.81e-04  ETA=10.1min
    batch  4600/7225  ce=5.2328  aux=5.9275  lr=2.81e-04  ETA=9.9min
    batch  4650/7225  ce=5.1098  aux=5.9286  lr=2.80e-04  ETA=9.8min
    batch  4700/7225  ce=5.0995  aux=5.9267  lr=2.80e-04  ETA=9.6min
    batch  4750/7225  ce=5.3460  aux=5.9272  lr=2.80e-04  ETA=9.4min
    batch  4800/7225  ce=5.2307  aux=5.9257  lr=2.80e-04  ETA=9.2min
    batch  4850/7225  ce=5.1440  aux=5.9276  lr=2.80e-04  ETA=9.0min
    batch  4900/7225  ce=5.3089  aux=5.9273  lr=2.80e-04  ETA=8.8min
    batch  4950/7225  ce=5.3131  aux=5.9263  lr=2.79e-04  ETA=8.6min
    batch  5000/7225  ce=5.0508  aux=5.9274  lr=2.79e-04  ETA=8.4min
    batch  5050/7225  ce=5.2564  aux=5.9269  lr=2.79e-04  ETA=8.2min
    batch  5100/7225  ce=5.0668  aux=5.9281  lr=2.79e-04  ETA=8.0min
    batch  5150/7225  ce=5.3199  aux=5.9264  lr=2.79e-04  ETA=7.9min
    batch  5200/7225  ce=5.2566  aux=5.9274  lr=2.79e-04  ETA=7.7min
    batch  5250/7225  ce=5.1914  aux=5.9325  lr=2.78e-04  ETA=7.5min
    batch  5300/7225  ce=5.2408  aux=5.9261  lr=2.78e-04  ETA=7.3min
    batch  5350/7225  ce=5.1023  aux=5.9270  lr=2.78e-04  ETA=7.1min
    batch  5400/7225  ce=5.2929  aux=5.9271  lr=2.78e-04  ETA=6.9min
    batch  5450/7225  ce=5.1157  aux=5.9270  lr=2.78e-04  ETA=6.7min
    batch  5500/7225  ce=5.4089  aux=5.9279  lr=2.78e-04  ETA=6.5min
    batch  5550/7225  ce=5.0980  aux=5.9269  lr=2.77e-04  ETA=6.3min
    batch  5600/7225  ce=5.1820  aux=5.9272  lr=2.77e-04  ETA=6.2min
    batch  5650/7225  ce=5.2691  aux=5.9268  lr=2.77e-04  ETA=6.0min
    batch  5700/7225  ce=5.0496  aux=5.9261  lr=2.77e-04  ETA=5.8min
    batch  5750/7225  ce=5.1189  aux=5.9264  lr=2.77e-04  ETA=5.6min
    batch  5800/7225  ce=5.2246  aux=5.9269  lr=2.77e-04  ETA=5.4min
    batch  5850/7225  ce=5.1949  aux=5.9265  lr=2.76e-04  ETA=5.2min
    batch  5900/7225  ce=5.3406  aux=5.9257  lr=2.76e-04  ETA=5.0min
    batch  5950/7225  ce=5.2237  aux=5.9266  lr=2.76e-04  ETA=4.8min
    batch  6000/7225  ce=5.3120  aux=5.9265  lr=2.76e-04  ETA=4.6min
    batch  6050/7225  ce=5.0173  aux=5.9259  lr=2.76e-04  ETA=4.4min
    batch  6100/7225  ce=5.2537  aux=5.9252  lr=2.76e-04  ETA=4.3min
    batch  6150/7225  ce=5.2214  aux=5.9264  lr=2.75e-04  ETA=4.1min
    batch  6200/7225  ce=5.1392  aux=5.9264  lr=2.75e-04  ETA=3.9min
    batch  6250/7225  ce=5.1000  aux=5.9250  lr=2.75e-04  ETA=3.7min
    batch  6300/7225  ce=5.1047  aux=5.9257  lr=2.75e-04  ETA=3.5min
    batch  6350/7225  ce=5.0606  aux=5.9256  lr=2.75e-04  ETA=3.3min
    batch  6400/7225  ce=5.0144  aux=5.9269  lr=2.74e-04  ETA=3.1min
    batch  6450/7225  ce=5.1562  aux=5.9244  lr=2.74e-04  ETA=2.9min
    batch  6500/7225  ce=5.1170  aux=5.9273  lr=2.74e-04  ETA=2.7min
    batch  6550/7225  ce=5.0097  aux=5.9260  lr=2.74e-04  ETA=2.6min
    batch  6600/7225  ce=5.0786  aux=5.9265  lr=2.74e-04  ETA=2.4min
    batch  6650/7225  ce=5.0889  aux=5.9272  lr=2.74e-04  ETA=2.2min
    batch  6700/7225  ce=5.2718  aux=5.9250  lr=2.73e-04  ETA=2.0min
    batch  6750/7225  ce=5.1703  aux=5.9252  lr=2.73e-04  ETA=1.8min
    batch  6800/7225  ce=5.1542  aux=5.9256  lr=2.73e-04  ETA=1.6min
    batch  6850/7225  ce=5.1926  aux=5.9259  lr=2.73e-04  ETA=1.4min
    batch  6900/7225  ce=5.0630  aux=5.9261  lr=2.73e-04  ETA=1.2min
    batch  6950/7225  ce=5.0673  aux=5.9253  lr=2.72e-04  ETA=1.0min
    batch  7000/7225  ce=5.1704  aux=5.9256  lr=2.72e-04  ETA=0.9min
    batch  7050/7225  ce=5.0906  aux=5.9258  lr=2.72e-04  ETA=0.7min
    batch  7100/7225  ce=5.2309  aux=5.9261  lr=2.72e-04  ETA=0.5min
    batch  7150/7225  ce=5.1151  aux=5.9254  lr=2.72e-04  ETA=0.3min
    batch  7200/7225  ce=5.1853  aux=5.9253  lr=2.71e-04  ETA=0.1min
  Epoch 2  train=5.4964  aux=5.9398  val=4.9729  ppl=144.4  best=4.9729  [3289.7s] *
    batch    50/7225  ce=5.0330  aux=5.9249  lr=2.71e-04  ETA=27.3min
    batch   100/7225  ce=5.0848  aux=5.9252  lr=2.71e-04  ETA=27.0min
    batch   150/7225  ce=5.1405  aux=5.9250  lr=2.71e-04  ETA=26.8min
    batch   200/7225  ce=5.1314  aux=5.9266  lr=2.71e-04  ETA=26.6min
    batch   250/7225  ce=5.0876  aux=5.9273  lr=2.70e-04  ETA=26.4min
    batch   300/7225  ce=5.0718  aux=5.9267  lr=2.70e-04  ETA=26.2min
    batch   350/7225  ce=4.8608  aux=5.9263  lr=2.70e-04  ETA=26.0min
    batch   400/7225  ce=5.0665  aux=5.9248  lr=2.70e-04  ETA=25.8min
    batch   450/7225  ce=5.1219  aux=5.9242  lr=2.70e-04  ETA=25.6min
    batch   500/7225  ce=5.0229  aux=5.9252  lr=2.69e-04  ETA=25.5min
    batch   550/7225  ce=5.0501  aux=5.9250  lr=2.69e-04  ETA=25.3min
    batch   600/7225  ce=4.9622  aux=5.9252  lr=2.69e-04  ETA=25.1min
    batch   650/7225  ce=5.0911  aux=5.9255  lr=2.69e-04  ETA=24.9min
    batch   700/7225  ce=4.9046  aux=5.9261  lr=2.69e-04  ETA=24.7min
    batch   750/7225  ce=5.0547  aux=5.9363  lr=2.68e-04  ETA=24.5min
    batch   800/7225  ce=4.9275  aux=5.9292  lr=2.68e-04  ETA=24.3min
    batch   850/7225  ce=4.9603  aux=5.9258  lr=2.68e-04  ETA=24.1min
    batch   900/7225  ce=5.2164  aux=5.9250  lr=2.68e-04  ETA=24.0min
    batch   950/7225  ce=5.0551  aux=5.9245  lr=2.68e-04  ETA=23.8min
    batch  1000/7225  ce=5.0886  aux=5.9265  lr=2.67e-04  ETA=23.6min
    batch  1050/7225  ce=5.0462  aux=5.9249  lr=2.67e-04  ETA=23.4min
    batch  1100/7225  ce=4.8269  aux=5.9255  lr=2.67e-04  ETA=23.2min
    batch  1150/7225  ce=5.0684  aux=5.9251  lr=2.67e-04  ETA=23.0min
    batch  1200/7225  ce=4.9872  aux=5.9250  lr=2.67e-04  ETA=22.8min
    batch  1250/7225  ce=5.0194  aux=5.9238  lr=2.66e-04  ETA=22.6min
    batch  1300/7225  ce=4.7968  aux=5.9292  lr=2.66e-04  ETA=22.4min
    batch  1350/7225  ce=5.1387  aux=5.9243  lr=2.66e-04  ETA=22.2min
    batch  1400/7225  ce=4.9458  aux=5.9247  lr=2.66e-04  ETA=22.1min
    batch  1450/7225  ce=5.1155  aux=5.9243  lr=2.66e-04  ETA=21.9min
    batch  1500/7225  ce=4.9248  aux=5.9243  lr=2.65e-04  ETA=21.7min
    batch  1550/7225  ce=5.0012  aux=5.9239  lr=2.65e-04  ETA=21.5min
    batch  1600/7225  ce=5.0218  aux=5.9242  lr=2.65e-04  ETA=21.3min
    batch  1650/7225  ce=4.8651  aux=5.9247  lr=2.65e-04  ETA=21.1min
    batch  1700/7225  ce=5.0494  aux=5.9233  lr=2.65e-04  ETA=20.9min
    batch  1750/7225  ce=4.8903  aux=5.9237  lr=2.64e-04  ETA=20.7min
    batch  1800/7225  ce=4.9615  aux=5.9243  lr=2.64e-04  ETA=20.5min
    batch  1850/7225  ce=5.0117  aux=5.9240  lr=2.64e-04  ETA=20.4min
    batch  1900/7225  ce=5.0045  aux=5.9239  lr=2.64e-04  ETA=20.2min
    batch  1950/7225  ce=5.0604  aux=5.9236  lr=2.63e-04  ETA=20.0min
    batch  2000/7225  ce=4.8793  aux=5.9239  lr=2.63e-04  ETA=19.8min
    batch  2050/7225  ce=4.9371  aux=5.9239  lr=2.63e-04  ETA=19.6min
    batch  2100/7225  ce=4.9070  aux=5.9239  lr=2.63e-04  ETA=19.4min
    batch  2150/7225  ce=4.9387  aux=5.9223  lr=2.63e-04  ETA=19.2min
    batch  2200/7225  ce=4.9790  aux=5.9230  lr=2.62e-04  ETA=19.0min
    batch  2250/7225  ce=4.9506  aux=5.9231  lr=2.62e-04  ETA=18.8min
    batch  2300/7225  ce=4.8484  aux=5.9239  lr=2.62e-04  ETA=18.6min
    batch  2350/7225  ce=5.0058  aux=5.9227  lr=2.62e-04  ETA=18.5min
    batch  2400/7225  ce=4.9188  aux=5.9238  lr=2.62e-04  ETA=18.3min
    batch  2450/7225  ce=4.9771  aux=5.9229  lr=2.61e-04  ETA=18.1min
    batch  2500/7225  ce=4.7222  aux=5.9232  lr=2.61e-04  ETA=17.9min
    batch  2550/7225  ce=4.8267  aux=5.9240  lr=2.61e-04  ETA=17.7min
    batch  2600/7225  ce=4.9462  aux=5.9231  lr=2.61e-04  ETA=17.5min
    batch  2650/7225  ce=4.8931  aux=5.9227  lr=2.60e-04  ETA=17.3min
    batch  2700/7225  ce=4.8361  aux=5.9234  lr=2.60e-04  ETA=17.1min
    batch  2750/7225  ce=4.8125  aux=5.9234  lr=2.60e-04  ETA=16.9min
    batch  2800/7225  ce=4.9719  aux=5.9232  lr=2.60e-04  ETA=16.8min
    batch  2850/7225  ce=5.0652  aux=5.9236  lr=2.60e-04  ETA=16.6min
    batch  2900/7225  ce=5.0314  aux=5.9219  lr=2.59e-04  ETA=16.4min
    batch  2950/7225  ce=4.9928  aux=5.9225  lr=2.59e-04  ETA=16.2min
    batch  3000/7225  ce=4.8215  aux=5.9229  lr=2.59e-04  ETA=16.0min
    batch  3050/7225  ce=4.8163  aux=5.9231  lr=2.59e-04  ETA=15.8min
    batch  3100/7225  ce=4.7130  aux=5.9234  lr=2.58e-04  ETA=15.6min
    batch  3150/7225  ce=4.8588  aux=5.9241  lr=2.58e-04  ETA=15.4min
    batch  3200/7225  ce=5.0023  aux=5.9229  lr=2.58e-04  ETA=15.2min
    batch  3250/7225  ce=4.9019  aux=5.9233  lr=2.58e-04  ETA=15.0min
    batch  3300/7225  ce=4.9391  aux=5.9223  lr=2.57e-04  ETA=14.9min
    batch  3350/7225  ce=4.5867  aux=5.9229  lr=2.57e-04  ETA=14.7min
    batch  3400/7225  ce=4.8688  aux=5.9228  lr=2.57e-04  ETA=14.5min
    batch  3450/7225  ce=4.9012  aux=5.9230  lr=2.57e-04  ETA=14.3min
    batch  3500/7225  ce=4.8973  aux=5.9223  lr=2.57e-04  ETA=14.1min
    batch  3550/7225  ce=4.6968  aux=5.9232  lr=2.56e-04  ETA=13.9min
    batch  3600/7225  ce=4.8713  aux=5.9232  lr=2.56e-04  ETA=13.7min
    batch  3650/7225  ce=4.9029  aux=5.9236  lr=2.56e-04  ETA=13.5min
    batch  3700/7225  ce=4.7633  aux=5.9223  lr=2.56e-04  ETA=13.3min
    batch  3750/7225  ce=5.0599  aux=5.9226  lr=2.55e-04  ETA=13.2min
    batch  3800/7225  ce=4.8781  aux=5.9228  lr=2.55e-04  ETA=13.0min
    batch  3850/7225  ce=4.6099  aux=5.9223  lr=2.55e-04  ETA=12.8min
    batch  3900/7225  ce=4.8072  aux=5.9225  lr=2.55e-04  ETA=12.6min
    batch  3950/7225  ce=4.5073  aux=5.9231  lr=2.54e-04  ETA=12.4min
    batch  4000/7225  ce=4.8822  aux=5.9230  lr=2.54e-04  ETA=12.2min
    batch  4050/7225  ce=4.9879  aux=5.9231  lr=2.54e-04  ETA=12.0min
    batch  4100/7225  ce=4.7655  aux=5.9217  lr=2.54e-04  ETA=11.8min
    batch  4150/7225  ce=4.7762  aux=5.9228  lr=2.54e-04  ETA=11.6min
    batch  4200/7225  ce=4.6453  aux=5.9220  lr=2.53e-04  ETA=11.5min
    batch  4250/7225  ce=4.6886  aux=5.9229  lr=2.53e-04  ETA=11.3min
    batch  4300/7225  ce=4.8863  aux=5.9227  lr=2.53e-04  ETA=11.1min
    batch  4350/7225  ce=4.8610  aux=5.9227  lr=2.53e-04  ETA=10.9min
    batch  4400/7225  ce=4.5815  aux=5.9227  lr=2.52e-04  ETA=10.7min
    batch  4450/7225  ce=4.8787  aux=5.9223  lr=2.52e-04  ETA=10.5min
    batch  4500/7225  ce=4.8624  aux=5.9221  lr=2.52e-04  ETA=10.3min
    batch  4550/7225  ce=4.9516  aux=5.9220  lr=2.52e-04  ETA=10.1min
    batch  4600/7225  ce=4.6901  aux=5.9233  lr=2.51e-04  ETA=9.9min
    batch  4650/7225  ce=4.7572  aux=5.9224  lr=2.51e-04  ETA=9.7min
    batch  4700/7225  ce=5.0214  aux=5.9221  lr=2.51e-04  ETA=9.6min
    batch  4750/7225  ce=4.7717  aux=5.9229  lr=2.51e-04  ETA=9.4min
    batch  4800/7225  ce=4.5634  aux=5.9227  lr=2.50e-04  ETA=9.2min
    batch  4850/7225  ce=4.7513  aux=5.9215  lr=2.50e-04  ETA=9.0min
    batch  4900/7225  ce=4.8986  aux=5.9226  lr=2.50e-04  ETA=8.8min
    batch  4950/7225  ce=4.8287  aux=5.9222  lr=2.50e-04  ETA=8.6min
    batch  5000/7225  ce=4.7992  aux=5.9227  lr=2.49e-04  ETA=8.4min
    batch  5050/7225  ce=4.8167  aux=5.9221  lr=2.49e-04  ETA=8.2min
    batch  5100/7225  ce=4.8581  aux=5.9221  lr=2.49e-04  ETA=8.0min
    batch  5150/7225  ce=4.9943  aux=5.9219  lr=2.49e-04  ETA=7.9min
    batch  5200/7225  ce=4.7378  aux=5.9216  lr=2.48e-04  ETA=7.7min
    batch  5250/7225  ce=4.6429  aux=5.9217  lr=2.48e-04  ETA=7.5min
    batch  5300/7225  ce=4.6439  aux=5.9220  lr=2.48e-04  ETA=7.3min
    batch  5350/7225  ce=4.6510  aux=5.9218  lr=2.48e-04  ETA=7.1min
    batch  5400/7225  ce=4.7291  aux=5.9223  lr=2.48e-04  ETA=6.9min
    batch  5450/7225  ce=4.9357  aux=5.9221  lr=2.47e-04  ETA=6.7min
    batch  5500/7225  ce=4.7305  aux=5.9219  lr=2.47e-04  ETA=6.5min
    batch  5550/7225  ce=4.8758  aux=5.9215  lr=2.47e-04  ETA=6.3min
    batch  5600/7225  ce=4.6050  aux=5.9218  lr=2.47e-04  ETA=6.2min
    batch  5650/7225  ce=4.6655  aux=5.9227  lr=2.46e-04  ETA=6.0min
    batch  5700/7225  ce=4.8991  aux=5.9215  lr=2.46e-04  ETA=5.8min
    batch  5750/7225  ce=4.7868  aux=5.9220  lr=2.46e-04  ETA=5.6min
    batch  5800/7225  ce=4.7300  aux=5.9214  lr=2.46e-04  ETA=5.4min
    batch  5850/7225  ce=4.6949  aux=5.9219  lr=2.45e-04  ETA=5.2min
    batch  5900/7225  ce=4.6491  aux=5.9218  lr=2.45e-04  ETA=5.0min
    batch  5950/7225  ce=4.7878  aux=5.9215  lr=2.45e-04  ETA=4.8min
    batch  6000/7225  ce=4.7312  aux=5.9215  lr=2.45e-04  ETA=4.6min
    batch  6050/7225  ce=5.0613  aux=5.9220  lr=2.44e-04  ETA=4.4min
    batch  6100/7225  ce=4.7202  aux=5.9213  lr=2.44e-04  ETA=4.3min
    batch  6150/7225  ce=4.8502  aux=5.9220  lr=2.44e-04  ETA=4.1min
    batch  6200/7225  ce=4.5353  aux=5.9220  lr=2.43e-04  ETA=3.9min
    batch  6250/7225  ce=4.9255  aux=5.9216  lr=2.43e-04  ETA=3.7min
    batch  6300/7225  ce=4.8648  aux=5.9219  lr=2.43e-04  ETA=3.5min
    batch  6350/7225  ce=4.7757  aux=5.9219  lr=2.43e-04  ETA=3.3min
    batch  6400/7225  ce=4.5631  aux=5.9215  lr=2.42e-04  ETA=3.1min
    batch  6450/7225  ce=4.7733  aux=5.9213  lr=2.42e-04  ETA=2.9min
    batch  6500/7225  ce=4.9153  aux=5.9213  lr=2.42e-04  ETA=2.7min
    batch  6550/7225  ce=4.8531  aux=5.9222  lr=2.42e-04  ETA=2.6min
    batch  6600/7225  ce=4.5707  aux=5.9215  lr=2.41e-04  ETA=2.4min
    batch  6650/7225  ce=4.7331  aux=5.9212  lr=2.41e-04  ETA=2.2min
    batch  6700/7225  ce=4.8294  aux=5.9211  lr=2.41e-04  ETA=2.0min
    batch  6750/7225  ce=4.6403  aux=5.9215  lr=2.41e-04  ETA=1.8min
    batch  6800/7225  ce=4.9484  aux=5.9222  lr=2.40e-04  ETA=1.6min
    batch  6850/7225  ce=4.8259  aux=5.9215  lr=2.40e-04  ETA=1.4min
    batch  6900/7225  ce=4.8909  aux=5.9215  lr=2.40e-04  ETA=1.2min
    batch  6950/7225  ce=4.9200  aux=5.9214  lr=2.40e-04  ETA=1.0min
    batch  7000/7225  ce=4.6055  aux=5.9213  lr=2.39e-04  ETA=0.9min
    batch  7050/7225  ce=4.5305  aux=5.9214  lr=2.39e-04  ETA=0.7min
    batch  7100/7225  ce=4.8549  aux=5.9213  lr=2.39e-04  ETA=0.5min
    batch  7150/7225  ce=4.7146  aux=5.9207  lr=2.39e-04  ETA=0.3min
    batch  7200/7225  ce=4.6280  aux=5.9218  lr=2.38e-04  ETA=0.1min
  Epoch 3  train=4.8699  aux=5.9231  val=4.6115  ppl=100.6  best=4.6115  [4933.6s] *
    batch    50/7225  ce=4.6087  aux=5.9216  lr=2.38e-04  ETA=27.3min
    batch   100/7225  ce=4.5499  aux=5.9207  lr=2.38e-04  ETA=27.0min
    batch   150/7225  ce=4.7323  aux=5.9213  lr=2.37e-04  ETA=26.8min
    batch   200/7225  ce=4.8567  aux=5.9207  lr=2.37e-04  ETA=26.6min
    batch   250/7225  ce=4.8678  aux=5.9213  lr=2.37e-04  ETA=26.4min
    batch   300/7225  ce=4.7101  aux=5.9209  lr=2.37e-04  ETA=26.2min
    batch   350/7225  ce=4.8796  aux=5.9211  lr=2.36e-04  ETA=26.0min
    batch   400/7225  ce=4.6837  aux=5.9212  lr=2.36e-04  ETA=25.8min
    batch   450/7225  ce=4.8058  aux=5.9210  lr=2.36e-04  ETA=25.6min
    batch   500/7225  ce=4.5428  aux=5.9217  lr=2.36e-04  ETA=25.5min
    batch   550/7225  ce=4.3917  aux=5.9212  lr=2.35e-04  ETA=25.3min
    batch   600/7225  ce=4.5653  aux=5.9212  lr=2.35e-04  ETA=25.1min
    batch   650/7225  ce=4.6915  aux=5.9216  lr=2.35e-04  ETA=24.9min
    batch   700/7225  ce=4.7639  aux=5.9209  lr=2.34e-04  ETA=24.7min
    batch   750/7225  ce=4.6591  aux=5.9215  lr=2.34e-04  ETA=24.5min
    batch   800/7225  ce=4.5806  aux=5.9204  lr=2.34e-04  ETA=24.3min
    batch   850/7225  ce=4.7011  aux=5.9206  lr=2.34e-04  ETA=24.1min
    batch   900/7225  ce=4.7516  aux=5.9207  lr=2.33e-04  ETA=24.0min
    batch   950/7225  ce=4.6833  aux=5.9202  lr=2.33e-04  ETA=23.8min
    batch  1000/7225  ce=4.7995  aux=5.9214  lr=2.33e-04  ETA=23.6min
    batch  1050/7225  ce=4.7470  aux=5.9207  lr=2.33e-04  ETA=23.4min
    batch  1100/7225  ce=4.6742  aux=5.9206  lr=2.32e-04  ETA=23.2min
    batch  1150/7225  ce=4.6177  aux=5.9213  lr=2.32e-04  ETA=23.0min
    batch  1200/7225  ce=4.6378  aux=5.9210  lr=2.32e-04  ETA=22.8min
    batch  1250/7225  ce=4.7054  aux=5.9218  lr=2.31e-04  ETA=22.6min
    batch  1300/7225  ce=4.6674  aux=5.9210  lr=2.31e-04  ETA=22.4min
    batch  1350/7225  ce=4.8706  aux=5.9214  lr=2.31e-04  ETA=22.3min
    batch  1400/7225  ce=4.8704  aux=5.9206  lr=2.31e-04  ETA=22.1min
    batch  1450/7225  ce=4.4948  aux=5.9210  lr=2.30e-04  ETA=21.9min
    batch  1500/7225  ce=4.7324  aux=5.9210  lr=2.30e-04  ETA=21.7min
    batch  1550/7225  ce=4.6873  aux=5.9209  lr=2.30e-04  ETA=21.5min
    batch  1600/7225  ce=4.6184  aux=5.9213  lr=2.30e-04  ETA=21.3min
    batch  1650/7225  ce=4.6588  aux=5.9207  lr=2.29e-04  ETA=21.1min
    batch  1700/7225  ce=4.7372  aux=5.9210  lr=2.29e-04  ETA=20.9min
    batch  1750/7225  ce=4.5473  aux=5.9211  lr=2.29e-04  ETA=20.7min
    batch  1800/7225  ce=4.9369  aux=5.9208  lr=2.28e-04  ETA=20.6min
    batch  1850/7225  ce=4.2775  aux=5.9213  lr=2.28e-04  ETA=20.4min
    batch  1900/7225  ce=4.5592  aux=5.9204  lr=2.28e-04  ETA=20.2min
    batch  1950/7225  ce=4.6079  aux=5.9206  lr=2.28e-04  ETA=20.0min
    batch  2000/7225  ce=4.5736  aux=5.9206  lr=2.27e-04  ETA=19.8min
    batch  2050/7225  ce=4.4839  aux=5.9207  lr=2.27e-04  ETA=19.6min
    batch  2100/7225  ce=4.4160  aux=5.9209  lr=2.27e-04  ETA=19.4min
    batch  2150/7225  ce=4.2942  aux=5.9208  lr=2.26e-04  ETA=19.2min
    batch  2200/7225  ce=4.6281  aux=5.9205  lr=2.26e-04  ETA=19.0min
    batch  2250/7225  ce=4.5855  aux=5.9213  lr=2.26e-04  ETA=18.8min
    batch  2300/7225  ce=4.5442  aux=5.9204  lr=2.26e-04  ETA=18.7min
    batch  2350/7225  ce=4.7804  aux=5.9207  lr=2.25e-04  ETA=18.5min
    batch  2400/7225  ce=4.8703  aux=5.9207  lr=2.25e-04  ETA=18.3min
    batch  2450/7225  ce=4.6499  aux=5.9209  lr=2.25e-04  ETA=18.1min
    batch  2500/7225  ce=4.5538  aux=5.9209  lr=2.24e-04  ETA=17.9min
    batch  2550/7225  ce=4.7234  aux=5.9207  lr=2.24e-04  ETA=17.7min
    batch  2600/7225  ce=4.5236  aux=5.9204  lr=2.24e-04  ETA=17.5min
    batch  2650/7225  ce=4.6289  aux=5.9203  lr=2.24e-04  ETA=17.3min
    batch  2700/7225  ce=4.7244  aux=5.9203  lr=2.23e-04  ETA=17.1min
    batch  2750/7225  ce=4.7640  aux=5.9207  lr=2.23e-04  ETA=17.0min
    batch  2800/7225  ce=4.6577  aux=5.9206  lr=2.23e-04  ETA=16.8min
    batch  2850/7225  ce=4.5615  aux=5.9204  lr=2.22e-04  ETA=16.6min
    batch  2900/7225  ce=4.4250  aux=5.9210  lr=2.22e-04  ETA=16.4min
    batch  2950/7225  ce=4.6684  aux=5.9202  lr=2.22e-04  ETA=16.2min
    batch  3000/7225  ce=4.3569  aux=5.9204  lr=2.22e-04  ETA=16.0min
    batch  3050/7225  ce=4.4540  aux=5.9201  lr=2.21e-04  ETA=15.8min
    batch  3100/7225  ce=4.7803  aux=5.9203  lr=2.21e-04  ETA=15.6min
    batch  3150/7225  ce=4.4097  aux=5.9205  lr=2.21e-04  ETA=15.4min
    batch  3200/7225  ce=4.6333  aux=5.9202  lr=2.20e-04  ETA=15.2min
    batch  3250/7225  ce=4.7220  aux=5.9206  lr=2.20e-04  ETA=15.1min
    batch  3300/7225  ce=4.4802  aux=5.9208  lr=2.20e-04  ETA=14.9min
    batch  3350/7225  ce=4.6295  aux=5.9201  lr=2.20e-04  ETA=14.7min
    batch  3400/7225  ce=4.4524  aux=5.9206  lr=2.19e-04  ETA=14.5min
    batch  3450/7225  ce=4.3839  aux=5.9203  lr=2.19e-04  ETA=14.3min
    batch  3500/7225  ce=4.8024  aux=5.9204  lr=2.19e-04  ETA=14.1min
    batch  3550/7225  ce=4.6513  aux=5.9202  lr=2.18e-04  ETA=13.9min
    batch  3600/7225  ce=4.3597  aux=5.9203  lr=2.18e-04  ETA=13.7min
    batch  3650/7225  ce=4.5476  aux=5.9207  lr=2.18e-04  ETA=13.5min
    batch  3700/7225  ce=4.5088  aux=5.9205  lr=2.18e-04  ETA=13.4min
    batch  3750/7225  ce=4.8145  aux=5.9201  lr=2.17e-04  ETA=13.2min
    batch  3800/7225  ce=4.1164  aux=5.9210  lr=2.17e-04  ETA=13.0min
    batch  3850/7225  ce=4.7035  aux=5.9200  lr=2.17e-04  ETA=12.8min
    batch  3900/7225  ce=4.7039  aux=5.9200  lr=2.16e-04  ETA=12.6min
    batch  3950/7225  ce=4.4682  aux=5.9204  lr=2.16e-04  ETA=12.4min
    batch  4000/7225  ce=4.6676  aux=5.9206  lr=2.16e-04  ETA=12.2min
    batch  4050/7225  ce=4.5000  aux=5.9202  lr=2.16e-04  ETA=12.0min
    batch  4100/7225  ce=4.6431  aux=5.9200  lr=2.15e-04  ETA=11.8min
    batch  4150/7225  ce=4.5614  aux=5.9204  lr=2.15e-04  ETA=11.6min
    batch  4200/7225  ce=4.8001  aux=5.9199  lr=2.15e-04  ETA=11.5min
    batch  4250/7225  ce=4.7674  aux=5.9204  lr=2.14e-04  ETA=11.3min
    batch  4300/7225  ce=4.1998  aux=5.9206  lr=2.14e-04  ETA=11.1min
    batch  4350/7225  ce=4.7436  aux=5.9200  lr=2.14e-04  ETA=10.9min
    batch  4400/7225  ce=4.6993  aux=5.9204  lr=2.13e-04  ETA=10.7min
    batch  4450/7225  ce=4.6678  aux=5.9207  lr=2.13e-04  ETA=10.5min
    batch  4500/7225  ce=4.5399  aux=5.9198  lr=2.13e-04  ETA=10.3min
    batch  4550/7225  ce=4.2094  aux=5.9203  lr=2.13e-04  ETA=10.1min
    batch  4600/7225  ce=4.1935  aux=5.9202  lr=2.12e-04  ETA=9.9min
    batch  4650/7225  ce=4.5286  aux=5.9203  lr=2.12e-04  ETA=9.8min
    batch  4700/7225  ce=4.6632  aux=5.9198  lr=2.12e-04  ETA=9.6min
    batch  4750/7225  ce=4.5988  aux=5.9207  lr=2.11e-04  ETA=9.4min
    batch  4800/7225  ce=4.6139  aux=5.9199  lr=2.11e-04  ETA=9.2min
    batch  4850/7225  ce=4.7661  aux=5.9200  lr=2.11e-04  ETA=9.0min
    batch  4900/7225  ce=4.5311  aux=5.9202  lr=2.11e-04  ETA=8.8min
    batch  4950/7225  ce=4.7130  aux=5.9202  lr=2.10e-04  ETA=8.6min
    batch  5000/7225  ce=4.3548  aux=5.9208  lr=2.10e-04  ETA=8.4min
    batch  5050/7225  ce=4.2266  aux=5.9210  lr=2.10e-04  ETA=8.2min
    batch  5100/7225  ce=4.6069  aux=5.9200  lr=2.09e-04  ETA=8.0min
    batch  5150/7225  ce=4.3045  aux=5.9206  lr=2.09e-04  ETA=7.9min
    batch  5200/7225  ce=4.3830  aux=5.9201  lr=2.09e-04  ETA=7.7min
    batch  5250/7225  ce=4.5430  aux=5.9196  lr=2.08e-04  ETA=7.5min
    batch  5300/7225  ce=4.3654  aux=5.9205  lr=2.08e-04  ETA=7.3min
    batch  5350/7225  ce=4.5614  aux=5.9202  lr=2.08e-04  ETA=7.1min
    batch  5400/7225  ce=4.3012  aux=5.9201  lr=2.08e-04  ETA=6.9min
    batch  5450/7225  ce=4.6063  aux=5.9202  lr=2.07e-04  ETA=6.7min
    batch  5500/7225  ce=4.5263  aux=5.9201  lr=2.07e-04  ETA=6.5min
    batch  5550/7225  ce=4.6309  aux=5.9204  lr=2.07e-04  ETA=6.3min
    batch  5600/7225  ce=4.4559  aux=5.9204  lr=2.06e-04  ETA=6.2min
    batch  5650/7225  ce=4.6920  aux=5.9200  lr=2.06e-04  ETA=6.0min
    batch  5700/7225  ce=4.6378  aux=5.9203  lr=2.06e-04  ETA=5.8min
    batch  5750/7225  ce=4.7625  aux=5.9202  lr=2.05e-04  ETA=5.6min
    batch  5800/7225  ce=4.3794  aux=5.9202  lr=2.05e-04  ETA=5.4min
    batch  5850/7225  ce=4.6873  aux=5.9199  lr=2.05e-04  ETA=5.2min
    batch  5900/7225  ce=4.3873  aux=5.9200  lr=2.04e-04  ETA=5.0min
    batch  5950/7225  ce=4.6388  aux=5.9202  lr=2.04e-04  ETA=4.8min
    batch  6000/7225  ce=4.5219  aux=5.9196  lr=2.04e-04  ETA=4.6min
    batch  6050/7225  ce=4.5304  aux=5.9203  lr=2.04e-04  ETA=4.5min
    batch  6100/7225  ce=4.7169  aux=5.9203  lr=2.03e-04  ETA=4.3min
    batch  6150/7225  ce=4.5084  aux=5.9200  lr=2.03e-04  ETA=4.1min
    batch  6200/7225  ce=4.6108  aux=5.9197  lr=2.03e-04  ETA=3.9min
    batch  6250/7225  ce=4.5841  aux=5.9195  lr=2.02e-04  ETA=3.7min
    batch  6300/7225  ce=4.4350  aux=5.9203  lr=2.02e-04  ETA=3.5min
    batch  6350/7225  ce=4.6743  aux=5.9201  lr=2.02e-04  ETA=3.3min
    batch  6400/7225  ce=4.4711  aux=5.9198  lr=2.01e-04  ETA=3.1min
    batch  6450/7225  ce=4.6380  aux=5.9202  lr=2.01e-04  ETA=2.9min
    batch  6500/7225  ce=4.5050  aux=5.9198  lr=2.01e-04  ETA=2.7min
    batch  6550/7225  ce=4.4520  aux=5.9203  lr=2.01e-04  ETA=2.6min
    batch  6600/7225  ce=4.5583  aux=5.9201  lr=2.00e-04  ETA=2.4min
    batch  6650/7225  ce=4.3658  aux=5.9200  lr=2.00e-04  ETA=2.2min
    batch  6700/7225  ce=4.6327  aux=5.9198  lr=2.00e-04  ETA=2.0min
    batch  6750/7225  ce=4.6266  aux=5.9197  lr=1.99e-04  ETA=1.8min
    batch  6800/7225  ce=4.5562  aux=5.9198  lr=1.99e-04  ETA=1.6min
    batch  6850/7225  ce=4.5550  aux=5.9200  lr=1.99e-04  ETA=1.4min
    batch  6900/7225  ce=4.5298  aux=5.9201  lr=1.98e-04  ETA=1.2min
    batch  6950/7225  ce=4.3530  aux=5.9199  lr=1.98e-04  ETA=1.0min
    batch  7000/7225  ce=4.6314  aux=5.9200  lr=1.98e-04  ETA=0.9min
    batch  7050/7225  ce=4.3853  aux=5.9203  lr=1.97e-04  ETA=0.7min
    batch  7100/7225  ce=4.5499  aux=5.9200  lr=1.97e-04  ETA=0.5min
    batch  7150/7225  ce=4.7093  aux=5.9197  lr=1.97e-04  ETA=0.3min
    batch  7200/7225  ce=4.6766  aux=5.9198  lr=1.97e-04  ETA=0.1min
  Epoch 4  train=4.5907  aux=5.9206  val=4.4168  ppl=82.8  best=4.4168  [6578.7s] *
    batch    50/7225  ce=4.4416  aux=5.9204  lr=1.96e-04  ETA=27.4min
    batch   100/7225  ce=4.4532  aux=5.9206  lr=1.96e-04  ETA=27.1min
    batch   150/7225  ce=4.6191  aux=5.9198  lr=1.95e-04  ETA=26.9min
    batch   200/7225  ce=4.5360  aux=5.9197  lr=1.95e-04  ETA=26.7min
    batch   250/7225  ce=4.4046  aux=5.9199  lr=1.95e-04  ETA=26.5min
    batch   300/7225  ce=4.2694  aux=5.9199  lr=1.94e-04  ETA=26.3min
    batch   350/7225  ce=4.4751  aux=5.9195  lr=1.94e-04  ETA=26.1min
    batch   400/7225  ce=4.4413  aux=5.9196  lr=1.94e-04  ETA=25.9min
    batch   450/7225  ce=4.3214  aux=5.9199  lr=1.94e-04  ETA=25.7min
    batch   500/7225  ce=4.6251  aux=5.9202  lr=1.93e-04  ETA=25.5min
    batch   550/7225  ce=4.5553  aux=5.9200  lr=1.93e-04  ETA=25.3min
    batch   600/7225  ce=4.4932  aux=5.9201  lr=1.93e-04  ETA=25.1min
    batch   650/7225  ce=4.4657  aux=5.9194  lr=1.92e-04  ETA=24.9min
    batch   700/7225  ce=4.3495  aux=5.9200  lr=1.92e-04  ETA=24.7min
    batch   750/7225  ce=4.2447  aux=5.9203  lr=1.92e-04  ETA=24.5min
    batch   800/7225  ce=4.5218  aux=5.9204  lr=1.91e-04  ETA=24.3min
    batch   850/7225  ce=4.5801  aux=5.9198  lr=1.91e-04  ETA=24.2min
    batch   900/7225  ce=4.4840  aux=5.9198  lr=1.91e-04  ETA=24.0min
    batch   950/7225  ce=4.3527  aux=5.9196  lr=1.90e-04  ETA=23.8min
    batch  1000/7225  ce=4.4345  aux=5.9200  lr=1.90e-04  ETA=23.6min
    batch  1050/7225  ce=4.5863  aux=5.9200  lr=1.90e-04  ETA=23.4min
    batch  1100/7225  ce=4.5956  aux=5.9197  lr=1.89e-04  ETA=23.2min
    batch  1150/7225  ce=4.4158  aux=5.9198  lr=1.89e-04  ETA=23.0min
    batch  1200/7225  ce=4.4511  aux=5.9198  lr=1.89e-04  ETA=22.8min
    batch  1250/7225  ce=4.4779  aux=5.9196  lr=1.89e-04  ETA=22.6min
    batch  1300/7225  ce=4.5294  aux=5.9200  lr=1.88e-04  ETA=22.4min
    batch  1350/7225  ce=4.2992  aux=5.9199  lr=1.88e-04  ETA=22.3min
    batch  1400/7225  ce=4.4315  aux=5.9198  lr=1.88e-04  ETA=22.1min
    batch  1450/7225  ce=4.4263  aux=5.9198  lr=1.87e-04  ETA=21.9min
    batch  1500/7225  ce=4.4949  aux=5.9196  lr=1.87e-04  ETA=21.7min
    batch  1550/7225  ce=4.3090  aux=5.9195  lr=1.87e-04  ETA=21.5min
    batch  1600/7225  ce=4.5552  aux=5.9194  lr=1.86e-04  ETA=21.3min
    batch  1650/7225  ce=4.2360  aux=5.9203  lr=1.86e-04  ETA=21.1min
    batch  1700/7225  ce=4.5609  aux=5.9192  lr=1.86e-04  ETA=20.9min
    batch  1750/7225  ce=4.4283  aux=5.9195  lr=1.85e-04  ETA=20.7min
    batch  1800/7225  ce=4.5651  aux=5.9198  lr=1.85e-04  ETA=20.6min
    batch  1850/7225  ce=4.3583  aux=5.9201  lr=1.85e-04  ETA=20.4min
    batch  1900/7225  ce=4.6448  aux=5.9194  lr=1.84e-04  ETA=20.2min
    batch  1950/7225  ce=4.4675  aux=5.9195  lr=1.84e-04  ETA=20.0min
    batch  2000/7225  ce=4.5819  aux=5.9194  lr=1.84e-04  ETA=19.8min
    batch  2050/7225  ce=4.1539  aux=5.9198  lr=1.83e-04  ETA=19.6min
    batch  2100/7225  ce=4.4182  aux=5.9192  lr=1.83e-04  ETA=19.4min
    batch  2150/7225  ce=4.5213  aux=5.9197  lr=1.83e-04  ETA=19.2min
    batch  2200/7225  ce=4.6148  aux=5.9195  lr=1.83e-04  ETA=19.0min
    batch  2250/7225  ce=4.4593  aux=5.9194  lr=1.82e-04  ETA=18.8min
    batch  2300/7225  ce=4.4314  aux=5.9197  lr=1.82e-04  ETA=18.7min
    batch  2350/7225  ce=4.5629  aux=5.9194  lr=1.82e-04  ETA=18.5min
    batch  2400/7225  ce=4.7326  aux=5.9200  lr=1.81e-04  ETA=18.3min
    batch  2450/7225  ce=4.2977  aux=5.9197  lr=1.81e-04  ETA=18.1min
    batch  2500/7225  ce=4.4311  aux=5.9198  lr=1.81e-04  ETA=17.9min
    batch  2550/7225  ce=4.5287  aux=5.9202  lr=1.80e-04  ETA=17.7min
    batch  2600/7225  ce=4.5303  aux=5.9194  lr=1.80e-04  ETA=17.5min
    batch  2650/7225  ce=4.4184  aux=5.9195  lr=1.80e-04  ETA=17.3min
    batch  2700/7225  ce=4.3860  aux=5.9197  lr=1.79e-04  ETA=17.1min
    batch  2750/7225  ce=4.3162  aux=5.9194  lr=1.79e-04  ETA=17.0min
    batch  2800/7225  ce=4.3050  aux=5.9196  lr=1.79e-04  ETA=16.8min
    batch  2850/7225  ce=4.5394  aux=5.9195  lr=1.78e-04  ETA=16.6min
    batch  2900/7225  ce=4.4211  aux=5.9200  lr=1.78e-04  ETA=16.4min
    batch  2950/7225  ce=4.3800  aux=5.9194  lr=1.78e-04  ETA=16.2min
    batch  3000/7225  ce=4.4273  aux=5.9195  lr=1.77e-04  ETA=16.0min
    batch  3050/7225  ce=4.4776  aux=5.9197  lr=1.77e-04  ETA=15.8min
    batch  3100/7225  ce=4.2921  aux=5.9195  lr=1.77e-04  ETA=15.6min
    batch  3150/7225  ce=4.4823  aux=5.9197  lr=1.76e-04  ETA=15.4min
    batch  3200/7225  ce=4.5633  aux=5.9194  lr=1.76e-04  ETA=15.2min
    batch  3250/7225  ce=4.4899  aux=5.9198  lr=1.76e-04  ETA=15.1min
    batch  3300/7225  ce=4.1801  aux=5.9193  lr=1.75e-04  ETA=14.9min
    batch  3350/7225  ce=4.5399  aux=5.9195  lr=1.75e-04  ETA=14.7min
    batch  3400/7225  ce=4.5390  aux=5.9194  lr=1.75e-04  ETA=14.5min
    batch  3450/7225  ce=4.2156  aux=5.9200  lr=1.75e-04  ETA=14.3min
    batch  3500/7225  ce=4.3709  aux=5.9199  lr=1.74e-04  ETA=14.1min
    batch  3550/7225  ce=4.4951  aux=5.9194  lr=1.74e-04  ETA=13.9min
    batch  3600/7225  ce=4.6195  aux=5.9191  lr=1.74e-04  ETA=13.7min
    batch  3650/7225  ce=4.5835  aux=5.9194  lr=1.73e-04  ETA=13.5min
    batch  3700/7225  ce=4.3886  aux=5.9197  lr=1.73e-04  ETA=13.4min
    batch  3750/7225  ce=4.0779  aux=5.9197  lr=1.73e-04  ETA=13.2min
    batch  3800/7225  ce=4.5309  aux=5.9194  lr=1.72e-04  ETA=13.0min
    batch  3850/7225  ce=4.5386  aux=5.9195  lr=1.72e-04  ETA=12.8min
    batch  3900/7225  ce=4.3730  aux=5.9195  lr=1.72e-04  ETA=12.6min
    batch  3950/7225  ce=4.2854  aux=5.9195  lr=1.71e-04  ETA=12.4min
    batch  4000/7225  ce=4.4547  aux=5.9193  lr=1.71e-04  ETA=12.2min
    batch  4050/7225  ce=4.5767  aux=5.9196  lr=1.71e-04  ETA=12.0min
    batch  4100/7225  ce=4.3028  aux=5.9194  lr=1.70e-04  ETA=11.8min
    batch  4150/7225  ce=4.7263  aux=5.9196  lr=1.70e-04  ETA=11.6min
    batch  4200/7225  ce=4.5230  aux=5.9193  lr=1.70e-04  ETA=11.5min
    batch  4250/7225  ce=4.3783  aux=5.9197  lr=1.69e-04  ETA=11.3min
    batch  4300/7225  ce=4.3619  aux=5.9194  lr=1.69e-04  ETA=11.1min
    batch  4350/7225  ce=4.5352  aux=5.9193  lr=1.69e-04  ETA=10.9min
    batch  4400/7225  ce=4.4308  aux=5.9196  lr=1.68e-04  ETA=10.7min
    batch  4450/7225  ce=4.5623  aux=5.9197  lr=1.68e-04  ETA=10.5min
    batch  4500/7225  ce=4.5170  aux=5.9193  lr=1.68e-04  ETA=10.3min
    batch  4550/7225  ce=4.7036  aux=5.9193  lr=1.67e-04  ETA=10.1min
    batch  4600/7225  ce=4.3105  aux=5.9195  lr=1.67e-04  ETA=9.9min
    batch  4650/7225  ce=4.2408  aux=5.9192  lr=1.67e-04  ETA=9.8min
    batch  4700/7225  ce=4.3115  aux=5.9196  lr=1.66e-04  ETA=9.6min
    batch  4750/7225  ce=4.3125  aux=5.9197  lr=1.66e-04  ETA=9.4min
    batch  4800/7225  ce=4.4790  aux=5.9195  lr=1.66e-04  ETA=9.2min
    batch  4850/7225  ce=4.5164  aux=5.9192  lr=1.65e-04  ETA=9.0min
    batch  4900/7225  ce=4.3542  aux=5.9197  lr=1.65e-04  ETA=8.8min
    batch  4950/7225  ce=4.5785  aux=5.9190  lr=1.65e-04  ETA=8.6min
    batch  5000/7225  ce=4.3777  aux=5.9198  lr=1.64e-04  ETA=8.4min
    batch  5050/7225  ce=4.6280  aux=5.9196  lr=1.64e-04  ETA=8.2min
    batch  5100/7225  ce=4.2642  aux=5.9194  lr=1.64e-04  ETA=8.0min
    batch  5150/7225  ce=4.3258  aux=5.9194  lr=1.64e-04  ETA=7.9min
    batch  5200/7225  ce=4.0954  aux=5.9197  lr=1.63e-04  ETA=7.7min
    batch  5250/7225  ce=4.3537  aux=5.9194  lr=1.63e-04  ETA=7.5min
    batch  5300/7225  ce=4.3607  aux=5.9191  lr=1.63e-04  ETA=7.3min
    batch  5350/7225  ce=4.3281  aux=5.9192  lr=1.62e-04  ETA=7.1min
    batch  5400/7225  ce=4.4027  aux=5.9194  lr=1.62e-04  ETA=6.9min
    batch  5450/7225  ce=4.3579  aux=5.9191  lr=1.62e-04  ETA=6.7min
    batch  5500/7225  ce=4.3987  aux=5.9194  lr=1.61e-04  ETA=6.5min
    batch  5550/7225  ce=4.0761  aux=5.9192  lr=1.61e-04  ETA=6.3min
    batch  5600/7225  ce=4.4190  aux=5.9193  lr=1.61e-04  ETA=6.2min
    batch  5650/7225  ce=4.4082  aux=5.9193  lr=1.60e-04  ETA=6.0min
    batch  5700/7225  ce=4.5502  aux=5.9192  lr=1.60e-04  ETA=5.8min
    batch  5750/7225  ce=4.4822  aux=5.9196  lr=1.60e-04  ETA=5.6min
    batch  5800/7225  ce=4.4056  aux=5.9193  lr=1.59e-04  ETA=5.4min
    batch  5850/7225  ce=4.3579  aux=5.9194  lr=1.59e-04  ETA=5.2min
    batch  5900/7225  ce=4.2253  aux=5.9192  lr=1.59e-04  ETA=5.0min
    batch  5950/7225  ce=4.3377  aux=5.9191  lr=1.58e-04  ETA=4.8min
    batch  6000/7225  ce=4.4449  aux=5.9194  lr=1.58e-04  ETA=4.6min
    batch  6050/7225  ce=4.5790  aux=5.9197  lr=1.58e-04  ETA=4.5min
    batch  6100/7225  ce=4.3086  aux=5.9194  lr=1.57e-04  ETA=4.3min
    batch  6150/7225  ce=4.4297  aux=5.9192  lr=1.57e-04  ETA=4.1min
    batch  6200/7225  ce=4.2113  aux=5.9192  lr=1.57e-04  ETA=3.9min
    batch  6250/7225  ce=4.5127  aux=5.9193  lr=1.56e-04  ETA=3.7min
    batch  6300/7225  ce=4.3408  aux=5.9192  lr=1.56e-04  ETA=3.5min
    batch  6350/7225  ce=4.4022  aux=5.9192  lr=1.56e-04  ETA=3.3min
    batch  6400/7225  ce=4.4315  aux=5.9191  lr=1.55e-04  ETA=3.1min
    batch  6450/7225  ce=4.5246  aux=5.9192  lr=1.55e-04  ETA=2.9min
    batch  6500/7225  ce=4.3509  aux=5.9193  lr=1.55e-04  ETA=2.7min
    batch  6550/7225  ce=4.1496  aux=5.9197  lr=1.54e-04  ETA=2.6min
    batch  6600/7225  ce=4.3119  aux=5.9193  lr=1.54e-04  ETA=2.4min
    batch  6650/7225  ce=4.4484  aux=5.9192  lr=1.54e-04  ETA=2.2min
    batch  6700/7225  ce=4.3907  aux=5.9195  lr=1.53e-04  ETA=2.0min
    batch  6750/7225  ce=4.2700  aux=5.9188  lr=1.53e-04  ETA=1.8min
    batch  6800/7225  ce=4.3301  aux=5.9197  lr=1.53e-04  ETA=1.6min
    batch  6850/7225  ce=4.2756  aux=5.9196  lr=1.52e-04  ETA=1.4min
    batch  6900/7225  ce=4.3954  aux=5.9193  lr=1.52e-04  ETA=1.2min
    batch  6950/7225  ce=4.5952  aux=5.9192  lr=1.52e-04  ETA=1.0min
    batch  7000/7225  ce=4.1298  aux=5.9196  lr=1.51e-04  ETA=0.9min
    batch  7050/7225  ce=4.4749  aux=5.9194  lr=1.51e-04  ETA=0.7min
    batch  7100/7225  ce=4.3337  aux=5.9193  lr=1.51e-04  ETA=0.5min
    batch  7150/7225  ce=4.4843  aux=5.9191  lr=1.50e-04  ETA=0.3min
    batch  7200/7225  ce=4.3015  aux=5.9191  lr=1.50e-04  ETA=0.1min
  Epoch 5  train=4.4247  aux=5.9196  val=4.2985  ppl=73.6  best=4.2985  [8223.6s] *
    batch    50/7225  ce=4.3277  aux=5.9194  lr=1.50e-04  ETA=27.3min
    batch   100/7225  ce=4.4790  aux=5.9191  lr=1.49e-04  ETA=27.1min
    batch   150/7225  ce=4.4346  aux=5.9192  lr=1.49e-04  ETA=26.9min
    batch   200/7225  ce=4.2936  aux=5.9191  lr=1.49e-04  ETA=26.6min
    batch   250/7225  ce=4.3936  aux=5.9193  lr=1.48e-04  ETA=26.4min
    batch   300/7225  ce=4.4245  aux=5.9191  lr=1.48e-04  ETA=26.2min
    batch   350/7225  ce=4.4557  aux=5.9191  lr=1.48e-04  ETA=26.1min
    batch   400/7225  ce=4.0320  aux=5.9192  lr=1.47e-04  ETA=25.9min
    batch   450/7225  ce=4.2812  aux=5.9191  lr=1.47e-04  ETA=25.7min
    batch   500/7225  ce=4.2956  aux=5.9190  lr=1.47e-04  ETA=25.5min
    batch   550/7225  ce=4.2809  aux=5.9192  lr=1.46e-04  ETA=25.3min
    batch   600/7225  ce=4.5091  aux=5.9191  lr=1.46e-04  ETA=25.1min
    batch   650/7225  ce=4.3466  aux=5.9195  lr=1.46e-04  ETA=24.9min
    batch   700/7225  ce=4.4356  aux=5.9192  lr=1.45e-04  ETA=24.7min
    batch   750/7225  ce=4.4767  aux=5.9192  lr=1.45e-04  ETA=24.5min
    batch   800/7225  ce=4.1260  aux=5.9192  lr=1.45e-04  ETA=24.3min
    batch   850/7225  ce=4.4492  aux=5.9194  lr=1.44e-04  ETA=24.1min
    batch   900/7225  ce=4.4557  aux=5.9191  lr=1.44e-04  ETA=24.0min
    batch   950/7225  ce=3.9575  aux=5.9193  lr=1.44e-04  ETA=23.8min
    batch  1000/7225  ce=4.5092  aux=5.9191  lr=1.43e-04  ETA=23.6min
    batch  1050/7225  ce=4.3095  aux=5.9191  lr=1.43e-04  ETA=23.4min
    batch  1100/7225  ce=4.2973  aux=5.9190  lr=1.43e-04  ETA=23.2min
    batch  1150/7225  ce=4.3055  aux=5.9190  lr=1.43e-04  ETA=23.0min
    batch  1200/7225  ce=4.0854  aux=5.9195  lr=1.42e-04  ETA=22.8min
    batch  1250/7225  ce=4.4479  aux=5.9193  lr=1.42e-04  ETA=22.6min
    batch  1300/7225  ce=4.3193  aux=5.9190  lr=1.42e-04  ETA=22.4min
    batch  1350/7225  ce=4.3928  aux=5.9192  lr=1.41e-04  ETA=22.3min
    batch  1400/7225  ce=4.3167  aux=5.9194  lr=1.41e-04  ETA=22.1min
    batch  1450/7225  ce=4.4858  aux=5.9190  lr=1.41e-04  ETA=21.9min
    batch  1500/7225  ce=4.3167  aux=5.9198  lr=1.40e-04  ETA=21.7min
    batch  1550/7225  ce=4.3287  aux=5.9190  lr=1.40e-04  ETA=21.5min
    batch  1600/7225  ce=4.2485  aux=5.9197  lr=1.40e-04  ETA=21.3min
    batch  1650/7225  ce=4.3351  aux=5.9191  lr=1.39e-04  ETA=21.1min
    batch  1700/7225  ce=4.1946  aux=5.9190  lr=1.39e-04  ETA=20.9min
    batch  1750/7225  ce=4.3504  aux=5.9192  lr=1.39e-04  ETA=20.7min
    batch  1800/7225  ce=4.1662  aux=5.9195  lr=1.38e-04  ETA=20.6min
    batch  1850/7225  ce=4.4455  aux=5.9189  lr=1.38e-04  ETA=20.4min
    batch  1900/7225  ce=4.4666  aux=5.9198  lr=1.38e-04  ETA=20.2min
    batch  1950/7225  ce=4.2888  aux=5.9189  lr=1.37e-04  ETA=20.0min
    batch  2000/7225  ce=4.3075  aux=5.9191  lr=1.37e-04  ETA=19.8min
    batch  2050/7225  ce=4.2766  aux=5.9193  lr=1.37e-04  ETA=19.6min
    batch  2100/7225  ce=4.3497  aux=5.9192  lr=1.36e-04  ETA=19.4min
    batch  2150/7225  ce=4.5423  aux=5.9191  lr=1.36e-04  ETA=19.2min
    batch  2200/7225  ce=4.0534  aux=5.9190  lr=1.36e-04  ETA=19.0min
    batch  2250/7225  ce=4.3697  aux=5.9190  lr=1.35e-04  ETA=18.9min
    batch  2300/7225  ce=4.3632  aux=5.9191  lr=1.35e-04  ETA=18.7min
    batch  2350/7225  ce=4.4004  aux=5.9190  lr=1.35e-04  ETA=18.5min
    batch  2400/7225  ce=4.4417  aux=5.9188  lr=1.34e-04  ETA=18.3min
    batch  2450/7225  ce=4.3601  aux=5.9189  lr=1.34e-04  ETA=18.1min
    batch  2500/7225  ce=4.1938  aux=5.9192  lr=1.34e-04  ETA=17.9min
    batch  2550/7225  ce=4.4907  aux=5.9191  lr=1.33e-04  ETA=17.7min
    batch  2600/7225  ce=4.4690  aux=5.9190  lr=1.33e-04  ETA=17.5min
    batch  2650/7225  ce=4.3481  aux=5.9193  lr=1.33e-04  ETA=17.3min
    batch  2700/7225  ce=4.3473  aux=5.9191  lr=1.32e-04  ETA=17.1min
    batch  2750/7225  ce=4.3717  aux=5.9193  lr=1.32e-04  ETA=17.0min
    batch  2800/7225  ce=4.4271  aux=5.9194  lr=1.32e-04  ETA=16.8min
    batch  2850/7225  ce=4.4811  aux=5.9190  lr=1.31e-04  ETA=16.6min
    batch  2900/7225  ce=4.3508  aux=5.9190  lr=1.31e-04  ETA=16.4min
    batch  2950/7225  ce=4.5526  aux=5.9189  lr=1.31e-04  ETA=16.2min
    batch  3000/7225  ce=4.3952  aux=5.9189  lr=1.30e-04  ETA=16.0min
    batch  3050/7225  ce=4.1834  aux=5.9190  lr=1.30e-04  ETA=15.8min
    batch  3100/7225  ce=4.2693  aux=5.9188  lr=1.30e-04  ETA=15.6min
    batch  3150/7225  ce=4.1764  aux=5.9187  lr=1.30e-04  ETA=15.4min
    batch  3200/7225  ce=4.2060  aux=5.9190  lr=1.29e-04  ETA=15.3min
    batch  3250/7225  ce=4.2277  aux=5.9193  lr=1.29e-04  ETA=15.1min
    batch  3300/7225  ce=4.2367  aux=5.9191  lr=1.29e-04  ETA=14.9min
    batch  3350/7225  ce=4.5325  aux=5.9192  lr=1.28e-04  ETA=14.7min
    batch  3400/7225  ce=4.2388  aux=5.9187  lr=1.28e-04  ETA=14.5min
    batch  3450/7225  ce=3.8251  aux=5.9192  lr=1.28e-04  ETA=14.3min
    batch  3500/7225  ce=4.4444  aux=5.9188  lr=1.27e-04  ETA=14.1min
    batch  3550/7225  ce=4.3348  aux=5.9190  lr=1.27e-04  ETA=13.9min
    batch  3600/7225  ce=4.0799  aux=5.9191  lr=1.27e-04  ETA=13.7min
    batch  3650/7225  ce=4.3917  aux=5.9190  lr=1.26e-04  ETA=13.5min
    batch  3700/7225  ce=4.3246  aux=5.9186  lr=1.26e-04  ETA=13.4min
    batch  3750/7225  ce=4.1569  aux=5.9188  lr=1.26e-04  ETA=13.2min
    batch  3800/7225  ce=4.4837  aux=5.9191  lr=1.25e-04  ETA=13.0min
    batch  3850/7225  ce=4.4421  aux=5.9189  lr=1.25e-04  ETA=12.8min
    batch  3900/7225  ce=4.3691  aux=5.9188  lr=1.25e-04  ETA=12.6min
    batch  3950/7225  ce=4.4121  aux=5.9189  lr=1.24e-04  ETA=12.4min
    batch  4000/7225  ce=4.6218  aux=5.9187  lr=1.24e-04  ETA=12.2min
    batch  4050/7225  ce=4.2215  aux=5.9191  lr=1.24e-04  ETA=12.0min
    batch  4100/7225  ce=4.2797  aux=5.9192  lr=1.23e-04  ETA=11.8min
    batch  4150/7225  ce=4.3081  aux=5.9186  lr=1.23e-04  ETA=11.6min
    batch  4200/7225  ce=4.2090  aux=5.9191  lr=1.23e-04  ETA=11.5min
    batch  4250/7225  ce=4.2878  aux=5.9189  lr=1.22e-04  ETA=11.3min
    batch  4300/7225  ce=4.3534  aux=5.9190  lr=1.22e-04  ETA=11.1min
    batch  4350/7225  ce=4.1023  aux=5.9191  lr=1.22e-04  ETA=10.9min
    batch  4400/7225  ce=4.3141  aux=5.9194  lr=1.21e-04  ETA=10.7min
    batch  4450/7225  ce=4.4562  aux=5.9188  lr=1.21e-04  ETA=10.5min
    batch  4500/7225  ce=4.2211  aux=5.9193  lr=1.21e-04  ETA=10.3min
    batch  4550/7225  ce=4.3425  aux=5.9187  lr=1.21e-04  ETA=10.1min
    batch  4600/7225  ce=4.2585  aux=5.9189  lr=1.20e-04  ETA=9.9min
    batch  4650/7225  ce=4.1886  aux=5.9190  lr=1.20e-04  ETA=9.8min
    batch  4700/7225  ce=4.5441  aux=5.9188  lr=1.20e-04  ETA=9.6min
    batch  4750/7225  ce=4.2481  aux=5.9189  lr=1.19e-04  ETA=9.4min
    batch  4800/7225  ce=4.0063  aux=5.9189  lr=1.19e-04  ETA=9.2min
    batch  4850/7225  ce=4.3504  aux=5.9191  lr=1.19e-04  ETA=9.0min
    batch  4900/7225  ce=4.3258  aux=5.9186  lr=1.18e-04  ETA=8.8min
    batch  4950/7225  ce=4.0804  aux=5.9189  lr=1.18e-04  ETA=8.6min
    batch  5000/7225  ce=4.4158  aux=5.9185  lr=1.18e-04  ETA=8.4min
    batch  5050/7225  ce=4.2244  aux=5.9192  lr=1.17e-04  ETA=8.2min
    batch  5100/7225  ce=4.5358  aux=5.9187  lr=1.17e-04  ETA=8.0min
    batch  5150/7225  ce=4.3267  aux=5.9190  lr=1.17e-04  ETA=7.9min
    batch  5200/7225  ce=4.3339  aux=5.9188  lr=1.16e-04  ETA=7.7min
    batch  5250/7225  ce=4.2262  aux=5.9187  lr=1.16e-04  ETA=7.5min
    batch  5300/7225  ce=4.4030  aux=5.9190  lr=1.16e-04  ETA=7.3min
    batch  5350/7225  ce=4.2058  aux=5.9190  lr=1.15e-04  ETA=7.1min
    batch  5400/7225  ce=4.1616  aux=5.9190  lr=1.15e-04  ETA=6.9min
    batch  5450/7225  ce=4.3466  aux=5.9187  lr=1.15e-04  ETA=6.7min
    batch  5500/7225  ce=4.2431  aux=5.9189  lr=1.14e-04  ETA=6.5min
    batch  5550/7225  ce=4.2511  aux=5.9189  lr=1.14e-04  ETA=6.3min
    batch  5600/7225  ce=4.2978  aux=5.9187  lr=1.14e-04  ETA=6.2min
    batch  5650/7225  ce=4.5132  aux=5.9190  lr=1.14e-04  ETA=6.0min
    batch  5700/7225  ce=4.1643  aux=5.9193  lr=1.13e-04  ETA=5.8min
    batch  5750/7225  ce=4.2510  aux=5.9187  lr=1.13e-04  ETA=5.6min
    batch  5800/7225  ce=4.3365  aux=5.9185  lr=1.13e-04  ETA=5.4min
    batch  5850/7225  ce=4.5642  aux=5.9187  lr=1.12e-04  ETA=5.2min
    batch  5900/7225  ce=4.2150  aux=5.9187  lr=1.12e-04  ETA=5.0min
    batch  5950/7225  ce=4.4096  aux=5.9188  lr=1.12e-04  ETA=4.8min
    batch  6000/7225  ce=4.1413  aux=5.9186  lr=1.11e-04  ETA=4.6min
    batch  6050/7225  ce=4.0496  aux=5.9188  lr=1.11e-04  ETA=4.5min
    batch  6100/7225  ce=4.3577  aux=5.9186  lr=1.11e-04  ETA=4.3min
    batch  6150/7225  ce=4.3634  aux=5.9189  lr=1.10e-04  ETA=4.1min
    batch  6200/7225  ce=4.4051  aux=5.9187  lr=1.10e-04  ETA=3.9min
    batch  6250/7225  ce=4.0883  aux=5.9188  lr=1.10e-04  ETA=3.7min
    batch  6300/7225  ce=4.5236  aux=5.9186  lr=1.09e-04  ETA=3.5min
    batch  6350/7225  ce=4.4104  aux=5.9186  lr=1.09e-04  ETA=3.3min
    batch  6400/7225  ce=4.2571  aux=5.9188  lr=1.09e-04  ETA=3.1min
    batch  6450/7225  ce=4.3436  aux=5.9189  lr=1.08e-04  ETA=2.9min
    batch  6500/7225  ce=4.0937  aux=5.9188  lr=1.08e-04  ETA=2.7min
    batch  6550/7225  ce=4.1272  aux=5.9186  lr=1.08e-04  ETA=2.6min
    batch  6600/7225  ce=4.4838  aux=5.9185  lr=1.08e-04  ETA=2.4min
    batch  6650/7225  ce=4.4233  aux=5.9185  lr=1.07e-04  ETA=2.2min
    batch  6700/7225  ce=4.0423  aux=5.9189  lr=1.07e-04  ETA=2.0min
    batch  6750/7225  ce=4.4103  aux=5.9188  lr=1.07e-04  ETA=1.8min
    batch  6800/7225  ce=3.9435  aux=5.9190  lr=1.06e-04  ETA=1.6min
    batch  6850/7225  ce=4.2639  aux=5.9185  lr=1.06e-04  ETA=1.4min
    batch  6900/7225  ce=4.4760  aux=5.9187  lr=1.06e-04  ETA=1.2min
    batch  6950/7225  ce=4.3808  aux=5.9193  lr=1.05e-04  ETA=1.0min
    batch  7000/7225  ce=4.0858  aux=5.9188  lr=1.05e-04  ETA=0.9min
    batch  7050/7225  ce=4.2702  aux=5.9187  lr=1.05e-04  ETA=0.7min
    batch  7100/7225  ce=4.2676  aux=5.9185  lr=1.04e-04  ETA=0.5min
    batch  7150/7225  ce=4.3807  aux=5.9187  lr=1.04e-04  ETA=0.3min
    batch  7200/7225  ce=4.3637  aux=5.9185  lr=1.04e-04  ETA=0.1min
  Epoch 6  train=4.3083  aux=5.9190  val=4.2005  ppl=66.7  best=4.2005  [9873.3s] *
    batch    50/7225  ce=4.0555  aux=5.9187  lr=1.03e-04  ETA=27.4min
    batch   100/7225  ce=4.2435  aux=5.9188  lr=1.03e-04  ETA=27.1min
    batch   150/7225  ce=4.2784  aux=5.9188  lr=1.03e-04  ETA=26.9min
    batch   200/7225  ce=4.1650  aux=5.9190  lr=1.02e-04  ETA=26.7min
    batch   250/7225  ce=4.2701  aux=5.9189  lr=1.02e-04  ETA=26.5min
    batch   300/7225  ce=4.2014  aux=5.9189  lr=1.02e-04  ETA=26.3min
    batch   350/7225  ce=4.3988  aux=5.9185  lr=1.01e-04  ETA=26.1min
    batch   400/7225  ce=4.0531  aux=5.9188  lr=1.01e-04  ETA=25.9min
    batch   450/7225  ce=4.5189  aux=5.9186  lr=1.01e-04  ETA=25.7min
    batch   500/7225  ce=4.1750  aux=5.9187  lr=1.01e-04  ETA=25.5min
    batch   550/7225  ce=4.3797  aux=5.9186  lr=1.00e-04  ETA=25.3min
    batch   600/7225  ce=4.0754  aux=5.9187  lr=9.99e-05  ETA=25.1min
    batch   650/7225  ce=4.0945  aux=5.9189  lr=9.96e-05  ETA=24.9min
    batch   700/7225  ce=4.4224  aux=5.9189  lr=9.93e-05  ETA=24.7min
    batch   750/7225  ce=4.4587  aux=5.9185  lr=9.90e-05  ETA=24.6min
    batch   800/7225  ce=4.2605  aux=5.9186  lr=9.87e-05  ETA=24.4min
    batch   850/7225  ce=4.3721  aux=5.9185  lr=9.84e-05  ETA=24.2min
    batch   900/7225  ce=4.1461  aux=5.9188  lr=9.81e-05  ETA=24.0min
    batch   950/7225  ce=4.4198  aux=5.9187  lr=9.78e-05  ETA=23.8min
    batch  1000/7225  ce=4.3900  aux=5.9186  lr=9.75e-05  ETA=23.6min
    batch  1050/7225  ce=4.3492  aux=5.9188  lr=9.72e-05  ETA=23.4min
    batch  1100/7225  ce=4.3023  aux=5.9186  lr=9.69e-05  ETA=23.2min
    batch  1150/7225  ce=3.9907  aux=5.9189  lr=9.66e-05  ETA=23.0min
    batch  1200/7225  ce=4.1543  aux=5.9185  lr=9.63e-05  ETA=22.8min
    batch  1250/7225  ce=4.3012  aux=5.9187  lr=9.60e-05  ETA=22.7min
    batch  1300/7225  ce=4.2822  aux=5.9187  lr=9.57e-05  ETA=22.5min
    batch  1350/7225  ce=4.1911  aux=5.9188  lr=9.54e-05  ETA=22.3min
    batch  1400/7225  ce=3.9681  aux=5.9184  lr=9.51e-05  ETA=22.1min
    batch  1450/7225  ce=4.1351  aux=5.9188  lr=9.48e-05  ETA=21.9min
    batch  1500/7225  ce=4.3650  aux=5.9186  lr=9.44e-05  ETA=21.7min
    batch  1550/7225  ce=4.4272  aux=5.9185  lr=9.41e-05  ETA=21.5min
    batch  1600/7225  ce=4.2932  aux=5.9186  lr=9.38e-05  ETA=21.3min
    batch  1650/7225  ce=4.1208  aux=5.9190  lr=9.35e-05  ETA=21.1min
    batch  1700/7225  ce=4.0087  aux=5.9189  lr=9.32e-05  ETA=20.9min
    batch  1750/7225  ce=4.0699  aux=5.9189  lr=9.29e-05  ETA=20.8min
    batch  1800/7225  ce=4.3653  aux=5.9185  lr=9.26e-05  ETA=20.6min
    batch  1850/7225  ce=4.3004  aux=5.9185  lr=9.23e-05  ETA=20.4min
    batch  1900/7225  ce=4.1585  aux=5.9187  lr=9.20e-05  ETA=20.2min
    batch  1950/7225  ce=4.2598  aux=5.9185  lr=9.17e-05  ETA=20.0min
    batch  2000/7225  ce=4.3622  aux=5.9189  lr=9.14e-05  ETA=19.8min
    batch  2050/7225  ce=4.1256  aux=5.9185  lr=9.11e-05  ETA=19.6min
    batch  2100/7225  ce=4.1122  aux=5.9187  lr=9.08e-05  ETA=19.4min
    batch  2150/7225  ce=4.4566  aux=5.9185  lr=9.05e-05  ETA=19.2min
    batch  2200/7225  ce=4.2155  aux=5.9185  lr=9.02e-05  ETA=19.1min
    batch  2250/7225  ce=4.2029  aux=5.9185  lr=8.99e-05  ETA=18.9min
    batch  2300/7225  ce=4.2895  aux=5.9187  lr=8.96e-05  ETA=18.7min
    batch  2350/7225  ce=4.0607  aux=5.9185  lr=8.93e-05  ETA=18.5min
    batch  2400/7225  ce=4.4605  aux=5.9186  lr=8.90e-05  ETA=18.3min
    batch  2450/7225  ce=4.1768  aux=5.9188  lr=8.87e-05  ETA=18.1min
    batch  2500/7225  ce=4.0326  aux=5.9187  lr=8.84e-05  ETA=17.9min
    batch  2550/7225  ce=4.2233  aux=5.9187  lr=8.81e-05  ETA=17.7min
    batch  2600/7225  ce=4.1432  aux=5.9185  lr=8.78e-05  ETA=17.5min
    batch  2650/7225  ce=4.0682  aux=5.9186  lr=8.76e-05  ETA=17.3min
    batch  2700/7225  ce=4.3884  aux=5.9185  lr=8.73e-05  ETA=17.2min
    batch  2750/7225  ce=4.2313  aux=5.9184  lr=8.70e-05  ETA=17.0min
    batch  2800/7225  ce=4.1820  aux=5.9185  lr=8.67e-05  ETA=16.8min
    batch  2850/7225  ce=4.2370  aux=5.9185  lr=8.64e-05  ETA=16.6min
    batch  2900/7225  ce=4.4300  aux=5.9188  lr=8.61e-05  ETA=16.4min
    batch  2950/7225  ce=4.3727  aux=5.9185  lr=8.58e-05  ETA=16.2min
    batch  3000/7225  ce=4.3505  aux=5.9186  lr=8.55e-05  ETA=16.0min
    batch  3050/7225  ce=4.5606  aux=5.9183  lr=8.52e-05  ETA=15.8min
    batch  3100/7225  ce=4.0594  aux=5.9186  lr=8.49e-05  ETA=15.6min
    batch  3150/7225  ce=4.3426  aux=5.9184  lr=8.46e-05  ETA=15.4min
    batch  3200/7225  ce=4.3627  aux=5.9184  lr=8.43e-05  ETA=15.3min
    batch  3250/7225  ce=4.1398  aux=5.9186  lr=8.40e-05  ETA=15.1min
    batch  3300/7225  ce=4.3464  aux=5.9186  lr=8.37e-05  ETA=14.9min
    batch  3350/7225  ce=4.1261  aux=5.9185  lr=8.34e-05  ETA=14.7min
    batch  3400/7225  ce=4.2916  aux=5.9186  lr=8.31e-05  ETA=14.5min
    batch  3450/7225  ce=4.2351  aux=5.9186  lr=8.28e-05  ETA=14.3min
    batch  3500/7225  ce=4.1211  aux=5.9187  lr=8.26e-05  ETA=14.1min
    batch  3550/7225  ce=4.1700  aux=5.9184  lr=8.23e-05  ETA=13.9min
    batch  3600/7225  ce=4.1596  aux=5.9186  lr=8.20e-05  ETA=13.7min
    batch  3650/7225  ce=4.2149  aux=5.9185  lr=8.17e-05  ETA=13.6min
    batch  3700/7225  ce=4.3055  aux=5.9185  lr=8.14e-05  ETA=13.4min
    batch  3750/7225  ce=4.3552  aux=5.9184  lr=8.11e-05  ETA=13.2min
    batch  3800/7225  ce=4.3140  aux=5.9183  lr=8.08e-05  ETA=13.0min
    batch  3850/7225  ce=4.0590  aux=5.9186  lr=8.05e-05  ETA=12.8min
    batch  3900/7225  ce=4.1023  aux=5.9183  lr=8.02e-05  ETA=12.6min
    batch  3950/7225  ce=4.1756  aux=5.9184  lr=7.99e-05  ETA=12.4min
    batch  4000/7225  ce=4.0918  aux=5.9184  lr=7.97e-05  ETA=12.2min
    batch  4050/7225  ce=4.1509  aux=5.9184  lr=7.94e-05  ETA=12.0min
    batch  4100/7225  ce=4.4153  aux=5.9183  lr=7.91e-05  ETA=11.8min
    batch  4150/7225  ce=4.0187  aux=5.9185  lr=7.88e-05  ETA=11.7min
    batch  4200/7225  ce=4.1005  aux=5.9183  lr=7.85e-05  ETA=11.5min
    batch  4250/7225  ce=4.1334  aux=5.9186  lr=7.82e-05  ETA=11.3min
    batch  4300/7225  ce=4.4399  aux=5.9182  lr=7.79e-05  ETA=11.1min
    batch  4350/7225  ce=4.2130  aux=5.9183  lr=7.77e-05  ETA=10.9min
    batch  4400/7225  ce=4.1904  aux=5.9185  lr=7.74e-05  ETA=10.7min
    batch  4450/7225  ce=4.2399  aux=5.9184  lr=7.71e-05  ETA=10.5min
    batch  4500/7225  ce=4.0068  aux=5.9185  lr=7.68e-05  ETA=10.3min
    batch  4550/7225  ce=4.1837  aux=5.9183  lr=7.65e-05  ETA=10.1min
    batch  4600/7225  ce=4.2380  aux=5.9184  lr=7.62e-05  ETA=10.0min
    batch  4650/7225  ce=4.4049  aux=5.9185  lr=7.59e-05  ETA=9.8min
    batch  4700/7225  ce=3.9912  aux=5.9185  lr=7.57e-05  ETA=9.6min
    batch  4750/7225  ce=4.1986  aux=5.9185  lr=7.54e-05  ETA=9.4min
    batch  4800/7225  ce=4.2602  aux=5.9184  lr=7.51e-05  ETA=9.2min
    batch  4850/7225  ce=4.0924  aux=5.9184  lr=7.48e-05  ETA=9.0min
    batch  4900/7225  ce=4.3326  aux=5.9187  lr=7.45e-05  ETA=8.8min
    batch  4950/7225  ce=4.2136  aux=5.9184  lr=7.42e-05  ETA=8.6min
    batch  5000/7225  ce=4.3656  aux=5.9185  lr=7.40e-05  ETA=8.4min
    batch  5050/7225  ce=4.2112  aux=5.9184  lr=7.37e-05  ETA=8.2min
    batch  5100/7225  ce=4.0203  aux=5.9184  lr=7.34e-05  ETA=8.1min
    batch  5150/7225  ce=4.2862  aux=5.9185  lr=7.31e-05  ETA=7.9min
    batch  5200/7225  ce=4.1261  aux=5.9183  lr=7.28e-05  ETA=7.7min
    batch  5250/7225  ce=4.2322  aux=5.9185  lr=7.26e-05  ETA=7.5min
    batch  5300/7225  ce=4.2557  aux=5.9185  lr=7.23e-05  ETA=7.3min
    batch  5350/7225  ce=4.2461  aux=5.9184  lr=7.20e-05  ETA=7.1min
    batch  5400/7225  ce=4.2892  aux=5.9185  lr=7.17e-05  ETA=6.9min
    batch  5450/7225  ce=4.0959  aux=5.9184  lr=7.15e-05  ETA=6.7min
    batch  5500/7225  ce=4.0029  aux=5.9184  lr=7.12e-05  ETA=6.5min
    batch  5550/7225  ce=4.1902  aux=5.9185  lr=7.09e-05  ETA=6.3min
    batch  5600/7225  ce=4.1357  aux=5.9185  lr=7.06e-05  ETA=6.2min
    batch  5650/7225  ce=4.2230  aux=5.9182  lr=7.03e-05  ETA=6.0min
    batch  5700/7225  ce=4.1030  aux=5.9184  lr=7.01e-05  ETA=5.8min
    batch  5750/7225  ce=4.1458  aux=5.9185  lr=6.98e-05  ETA=5.6min
    batch  5800/7225  ce=4.2338  aux=5.9186  lr=6.95e-05  ETA=5.4min
    batch  5850/7225  ce=4.3165  aux=5.9183  lr=6.92e-05  ETA=5.2min
    batch  5900/7225  ce=4.0971  aux=5.9186  lr=6.90e-05  ETA=5.0min
    batch  5950/7225  ce=4.0824  aux=5.9184  lr=6.87e-05  ETA=4.8min
    batch  6000/7225  ce=4.1186  aux=5.9184  lr=6.84e-05  ETA=4.6min
    batch  6050/7225  ce=4.0126  aux=5.9184  lr=6.81e-05  ETA=4.5min
    batch  6100/7225  ce=4.1054  aux=5.9183  lr=6.79e-05  ETA=4.3min
    batch  6150/7225  ce=4.3010  aux=5.9183  lr=6.76e-05  ETA=4.1min
    batch  6200/7225  ce=4.2796  aux=5.9185  lr=6.73e-05  ETA=3.9min
    batch  6250/7225  ce=4.1941  aux=5.9182  lr=6.71e-05  ETA=3.7min
    batch  6300/7225  ce=4.2149  aux=5.9185  lr=6.68e-05  ETA=3.5min
    batch  6350/7225  ce=4.2827  aux=5.9183  lr=6.65e-05  ETA=3.3min
    batch  6400/7225  ce=4.1942  aux=5.9183  lr=6.62e-05  ETA=3.1min
    batch  6450/7225  ce=4.2527  aux=5.9183  lr=6.60e-05  ETA=2.9min
    batch  6500/7225  ce=4.2290  aux=5.9182  lr=6.57e-05  ETA=2.7min
    batch  6550/7225  ce=4.1655  aux=5.9183  lr=6.54e-05  ETA=2.6min
    batch  6600/7225  ce=4.1932  aux=5.9183  lr=6.52e-05  ETA=2.4min
    batch  6650/7225  ce=4.0993  aux=5.9186  lr=6.49e-05  ETA=2.2min
    batch  6700/7225  ce=4.2419  aux=5.9182  lr=6.46e-05  ETA=2.0min
    batch  6750/7225  ce=4.2924  aux=5.9182  lr=6.44e-05  ETA=1.8min
    batch  6800/7225  ce=4.2372  aux=5.9183  lr=6.41e-05  ETA=1.6min
    batch  6850/7225  ce=4.0205  aux=5.9183  lr=6.38e-05  ETA=1.4min
    batch  6900/7225  ce=4.1352  aux=5.9182  lr=6.36e-05  ETA=1.2min
    batch  6950/7225  ce=4.3267  aux=5.9183  lr=6.33e-05  ETA=1.0min
    batch  7000/7225  ce=4.2776  aux=5.9183  lr=6.30e-05  ETA=0.9min
    batch  7050/7225  ce=4.4724  aux=5.9183  lr=6.28e-05  ETA=0.7min
    batch  7100/7225  ce=4.3475  aux=5.9182  lr=6.25e-05  ETA=0.5min
    batch  7150/7225  ce=4.1328  aux=5.9182  lr=6.22e-05  ETA=0.3min
    batch  7200/7225  ce=4.1181  aux=5.9182  lr=6.20e-05  ETA=0.1min
  Epoch 7  train=4.2232  aux=5.9185  val=4.1424  ppl=63.0  best=4.1424  [11519.5s] *
    batch    50/7225  ce=4.2336  aux=5.9183  lr=6.16e-05  ETA=27.4min
    batch   100/7225  ce=4.1817  aux=5.9182  lr=6.13e-05  ETA=27.1min
    batch   150/7225  ce=4.1288  aux=5.9182  lr=6.10e-05  ETA=26.9min
    batch   200/7225  ce=4.0801  aux=5.9185  lr=6.08e-05  ETA=26.7min
    batch   250/7225  ce=4.3160  aux=5.9183  lr=6.05e-05  ETA=26.5min
    batch   300/7225  ce=4.1215  aux=5.9183  lr=6.03e-05  ETA=26.3min
    batch   350/7225  ce=4.1392  aux=5.9183  lr=6.00e-05  ETA=26.1min
    batch   400/7225  ce=3.9726  aux=5.9182  lr=5.97e-05  ETA=25.9min
    batch   450/7225  ce=4.1959  aux=5.9184  lr=5.95e-05  ETA=25.7min
    batch   500/7225  ce=4.0995  aux=5.9184  lr=5.92e-05  ETA=25.5min
    batch   550/7225  ce=3.8911  aux=5.9187  lr=5.90e-05  ETA=25.3min
    batch   600/7225  ce=4.0725  aux=5.9182  lr=5.87e-05  ETA=25.1min
    batch   650/7225  ce=4.1838  aux=5.9182  lr=5.84e-05  ETA=24.9min
    batch   700/7225  ce=3.9991  aux=5.9184  lr=5.82e-05  ETA=24.7min
    batch   750/7225  ce=4.2920  aux=5.9184  lr=5.79e-05  ETA=24.5min
    batch   800/7225  ce=4.3280  aux=5.9184  lr=5.77e-05  ETA=24.3min
    batch   850/7225  ce=3.9772  aux=5.9184  lr=5.74e-05  ETA=24.2min
    batch   900/7225  ce=4.0602  aux=5.9181  lr=5.72e-05  ETA=24.0min
    batch   950/7225  ce=4.2320  aux=5.9183  lr=5.69e-05  ETA=23.8min
    batch  1000/7225  ce=4.1417  aux=5.9182  lr=5.66e-05  ETA=23.6min
    batch  1050/7225  ce=3.9158  aux=5.9183  lr=5.64e-05  ETA=23.4min
    batch  1100/7225  ce=4.1966  aux=5.9182  lr=5.61e-05  ETA=23.2min
    batch  1150/7225  ce=4.4407  aux=5.9181  lr=5.59e-05  ETA=23.0min
    batch  1200/7225  ce=4.1953  aux=5.9183  lr=5.56e-05  ETA=22.8min
    batch  1250/7225  ce=4.4286  aux=5.9180  lr=5.54e-05  ETA=22.6min
    batch  1300/7225  ce=3.9628  aux=5.9182  lr=5.51e-05  ETA=22.5min
    batch  1350/7225  ce=4.2085  aux=5.9182  lr=5.49e-05  ETA=22.3min
    batch  1400/7225  ce=4.0608  aux=5.9184  lr=5.46e-05  ETA=22.1min
    batch  1450/7225  ce=4.2262  aux=5.9181  lr=5.44e-05  ETA=21.9min
    batch  1500/7225  ce=4.0980  aux=5.9183  lr=5.41e-05  ETA=21.7min
    batch  1550/7225  ce=4.1497  aux=5.9181  lr=5.39e-05  ETA=21.5min
    batch  1600/7225  ce=4.1573  aux=5.9182  lr=5.36e-05  ETA=21.3min
    batch  1650/7225  ce=4.1770  aux=5.9183  lr=5.34e-05  ETA=21.1min
    batch  1700/7225  ce=4.4392  aux=5.9182  lr=5.31e-05  ETA=20.9min
    batch  1750/7225  ce=4.2883  aux=5.9181  lr=5.29e-05  ETA=20.7min
    batch  1800/7225  ce=3.9900  aux=5.9183  lr=5.26e-05  ETA=20.6min
    batch  1850/7225  ce=4.2425  aux=5.9182  lr=5.24e-05  ETA=20.4min
    batch  1900/7225  ce=4.3451  aux=5.9181  lr=5.21e-05  ETA=20.2min
    batch  1950/7225  ce=4.2812  aux=5.9182  lr=5.19e-05  ETA=20.0min
    batch  2000/7225  ce=4.1057  aux=5.9182  lr=5.16e-05  ETA=19.8min
    batch  2050/7225  ce=4.2156  aux=5.9181  lr=5.14e-05  ETA=19.6min
    batch  2100/7225  ce=4.4847  aux=5.9181  lr=5.11e-05  ETA=19.4min
    batch  2150/7225  ce=4.1648  aux=5.9182  lr=5.09e-05  ETA=19.2min
    batch  2200/7225  ce=4.2095  aux=5.9181  lr=5.06e-05  ETA=19.0min
    batch  2250/7225  ce=4.3445  aux=5.9182  lr=5.04e-05  ETA=18.8min
    batch  2300/7225  ce=4.3505  aux=5.9182  lr=5.02e-05  ETA=18.7min
    batch  2350/7225  ce=4.2412  aux=5.9181  lr=4.99e-05  ETA=18.5min
    batch  2400/7225  ce=4.2902  aux=5.9181  lr=4.97e-05  ETA=18.3min
    batch  2450/7225  ce=4.2830  aux=5.9181  lr=4.94e-05  ETA=18.1min
    batch  2500/7225  ce=4.0302  aux=5.9182  lr=4.92e-05  ETA=17.9min
    batch  2550/7225  ce=4.3054  aux=5.9182  lr=4.89e-05  ETA=17.7min
    batch  2600/7225  ce=4.0045  aux=5.9183  lr=4.87e-05  ETA=17.5min
    batch  2650/7225  ce=4.2713  aux=5.9182  lr=4.85e-05  ETA=17.3min
    batch  2700/7225  ce=4.0352  aux=5.9184  lr=4.82e-05  ETA=17.1min
    batch  2750/7225  ce=4.2513  aux=5.9183  lr=4.80e-05  ETA=16.9min
    batch  2800/7225  ce=4.3062  aux=5.9182  lr=4.77e-05  ETA=16.8min
    batch  2850/7225  ce=4.3578  aux=5.9182  lr=4.75e-05  ETA=16.6min
    batch  2900/7225  ce=3.8815  aux=5.9181  lr=4.73e-05  ETA=16.4min
    batch  2950/7225  ce=4.3025  aux=5.9180  lr=4.70e-05  ETA=16.2min
    batch  3000/7225  ce=4.2999  aux=5.9180  lr=4.68e-05  ETA=16.0min
    batch  3050/7225  ce=4.1270  aux=5.9182  lr=4.66e-05  ETA=15.8min
    batch  3100/7225  ce=4.1644  aux=5.9182  lr=4.63e-05  ETA=15.6min
    batch  3150/7225  ce=4.1090  aux=5.9183  lr=4.61e-05  ETA=15.4min
    batch  3200/7225  ce=4.2377  aux=5.9181  lr=4.59e-05  ETA=15.2min
    batch  3250/7225  ce=3.9437  aux=5.9181  lr=4.56e-05  ETA=15.0min
    batch  3300/7225  ce=4.3143  aux=5.9180  lr=4.54e-05  ETA=14.9min
    batch  3350/7225  ce=4.3194  aux=5.9181  lr=4.52e-05  ETA=14.7min
    batch  3400/7225  ce=4.0161  aux=5.9182  lr=4.49e-05  ETA=14.5min
    batch  3450/7225  ce=4.1978  aux=5.9182  lr=4.47e-05  ETA=14.3min
    batch  3500/7225  ce=4.2155  aux=5.9181  lr=4.45e-05  ETA=14.1min
    batch  3550/7225  ce=4.1109  aux=5.9181  lr=4.42e-05  ETA=13.9min
    batch  3600/7225  ce=4.0498  aux=5.9181  lr=4.40e-05  ETA=13.7min
    batch  3650/7225  ce=4.1348  aux=5.9181  lr=4.38e-05  ETA=13.5min
    batch  3700/7225  ce=4.3111  aux=5.9180  lr=4.35e-05  ETA=13.3min
    batch  3750/7225  ce=4.2541  aux=5.9181  lr=4.33e-05  ETA=13.2min
    batch  3800/7225  ce=4.3168  aux=5.9181  lr=4.31e-05  ETA=13.0min
    batch  3850/7225  ce=3.9507  aux=5.9182  lr=4.28e-05  ETA=12.8min
    batch  3900/7225  ce=4.0560  aux=5.9180  lr=4.26e-05  ETA=12.6min
    batch  3950/7225  ce=4.1391  aux=5.9181  lr=4.24e-05  ETA=12.4min
    batch  4000/7225  ce=3.7977  aux=5.9182  lr=4.22e-05  ETA=12.2min
    batch  4050/7225  ce=4.1083  aux=5.9181  lr=4.19e-05  ETA=12.0min
    batch  4100/7225  ce=4.0986  aux=5.9182  lr=4.17e-05  ETA=11.8min
    batch  4150/7225  ce=4.3521  aux=5.9181  lr=4.15e-05  ETA=11.6min
    batch  4200/7225  ce=4.1391  aux=5.9182  lr=4.13e-05  ETA=11.5min
    batch  4250/7225  ce=4.0298  aux=5.9181  lr=4.10e-05  ETA=11.3min
    batch  4300/7225  ce=4.0511  aux=5.9181  lr=4.08e-05  ETA=11.1min
    batch  4350/7225  ce=4.0862  aux=5.9182  lr=4.06e-05  ETA=10.9min
    batch  4400/7225  ce=4.0478  aux=5.9181  lr=4.04e-05  ETA=10.7min
    batch  4450/7225  ce=4.1739  aux=5.9181  lr=4.01e-05  ETA=10.5min
    batch  4500/7225  ce=4.4896  aux=5.9180  lr=3.99e-05  ETA=10.3min
    batch  4550/7225  ce=4.1522  aux=5.9181  lr=3.97e-05  ETA=10.1min
    batch  4600/7225  ce=4.1879  aux=5.9181  lr=3.95e-05  ETA=9.9min
    batch  4650/7225  ce=4.0984  aux=5.9180  lr=3.93e-05  ETA=9.7min
    batch  4700/7225  ce=4.2118  aux=5.9181  lr=3.90e-05  ETA=9.6min
    batch  4750/7225  ce=4.0999  aux=5.9182  lr=3.88e-05  ETA=9.4min
    batch  4800/7225  ce=4.2461  aux=5.9180  lr=3.86e-05  ETA=9.2min
    batch  4850/7225  ce=3.9449  aux=5.9180  lr=3.84e-05  ETA=9.0min
    batch  4900/7225  ce=4.2731  aux=5.9180  lr=3.82e-05  ETA=8.8min
    batch  4950/7225  ce=4.2133  aux=5.9181  lr=3.79e-05  ETA=8.6min
    batch  5000/7225  ce=4.2205  aux=5.9181  lr=3.77e-05  ETA=8.4min
    batch  5050/7225  ce=4.3352  aux=5.9181  lr=3.75e-05  ETA=8.2min
    batch  5100/7225  ce=4.0898  aux=5.9181  lr=3.73e-05  ETA=8.0min
    batch  5150/7225  ce=4.3167  aux=5.9179  lr=3.71e-05  ETA=7.9min
    batch  5200/7225  ce=4.2916  aux=5.9181  lr=3.69e-05  ETA=7.7min
    batch  5250/7225  ce=4.2652  aux=5.9181  lr=3.67e-05  ETA=7.5min
    batch  5300/7225  ce=4.1372  aux=5.9181  lr=3.64e-05  ETA=7.3min
    batch  5350/7225  ce=4.1534  aux=5.9180  lr=3.62e-05  ETA=7.1min
    batch  5400/7225  ce=4.2340  aux=5.9180  lr=3.60e-05  ETA=6.9min
    batch  5450/7225  ce=4.3169  aux=5.9180  lr=3.58e-05  ETA=6.7min
    batch  5500/7225  ce=4.1481  aux=5.9181  lr=3.56e-05  ETA=6.5min
    batch  5550/7225  ce=4.2839  aux=5.9180  lr=3.54e-05  ETA=6.3min
    batch  5600/7225  ce=4.2309  aux=5.9179  lr=3.52e-05  ETA=6.2min
    batch  5650/7225  ce=4.1837  aux=5.9181  lr=3.50e-05  ETA=6.0min
    batch  5700/7225  ce=3.9079  aux=5.9181  lr=3.48e-05  ETA=5.8min
    batch  5750/7225  ce=4.1993  aux=5.9181  lr=3.45e-05  ETA=5.6min
    batch  5800/7225  ce=4.1618  aux=5.9181  lr=3.43e-05  ETA=5.4min
    batch  5850/7225  ce=4.1524  aux=5.9181  lr=3.41e-05  ETA=5.2min
    batch  5900/7225  ce=4.1385  aux=5.9180  lr=3.39e-05  ETA=5.0min
    batch  5950/7225  ce=4.0477  aux=5.9181  lr=3.37e-05  ETA=4.8min
    batch  6000/7225  ce=4.2241  aux=5.9179  lr=3.35e-05  ETA=4.6min
    batch  6050/7225  ce=4.3065  aux=5.9180  lr=3.33e-05  ETA=4.5min
    batch  6100/7225  ce=3.9344  aux=5.9180  lr=3.31e-05  ETA=4.3min
    batch  6150/7225  ce=4.4518  aux=5.9179  lr=3.29e-05  ETA=4.1min
    batch  6200/7225  ce=3.9998  aux=5.9180  lr=3.27e-05  ETA=3.9min
    batch  6250/7225  ce=4.1253  aux=5.9181  lr=3.25e-05  ETA=3.7min
    batch  6300/7225  ce=4.0142  aux=5.9182  lr=3.23e-05  ETA=3.5min
    batch  6350/7225  ce=4.1924  aux=5.9181  lr=3.21e-05  ETA=3.3min
    batch  6400/7225  ce=4.0882  aux=5.9180  lr=3.19e-05  ETA=3.1min
    batch  6450/7225  ce=4.0960  aux=5.9179  lr=3.17e-05  ETA=2.9min
    batch  6500/7225  ce=4.1442  aux=5.9181  lr=3.15e-05  ETA=2.7min
    batch  6550/7225  ce=4.1872  aux=5.9180  lr=3.13e-05  ETA=2.6min
    batch  6600/7225  ce=4.4283  aux=5.9179  lr=3.11e-05  ETA=2.4min
    batch  6650/7225  ce=4.3243  aux=5.9179  lr=3.09e-05  ETA=2.2min
    batch  6700/7225  ce=4.1500  aux=5.9182  lr=3.07e-05  ETA=2.0min
    batch  6750/7225  ce=4.2250  aux=5.9180  lr=3.05e-05  ETA=1.8min
    batch  6800/7225  ce=4.0617  aux=5.9180  lr=3.03e-05  ETA=1.6min
    batch  6850/7225  ce=4.1509  aux=5.9180  lr=3.01e-05  ETA=1.4min
    batch  6900/7225  ce=4.3342  aux=5.9179  lr=2.99e-05  ETA=1.2min
    batch  6950/7225  ce=4.2608  aux=5.9180  lr=2.97e-05  ETA=1.0min
    batch  7000/7225  ce=4.1363  aux=5.9179  lr=2.95e-05  ETA=0.9min
    batch  7050/7225  ce=4.3619  aux=5.9181  lr=2.93e-05  ETA=0.7min
    batch  7100/7225  ce=4.2093  aux=5.9178  lr=2.91e-05  ETA=0.5min
    batch  7150/7225  ce=3.9125  aux=5.9179  lr=2.89e-05  ETA=0.3min
    batch  7200/7225  ce=4.0922  aux=5.9181  lr=2.87e-05  ETA=0.1min
  Epoch 8  train=4.1661  aux=5.9181  val=4.1087  ppl=60.9  best=4.1087  [13164.7s] *
    batch    50/7225  ce=4.2955  aux=5.9179  lr=2.85e-05  ETA=27.3min
    batch   100/7225  ce=4.2378  aux=5.9179  lr=2.83e-05  ETA=27.0min
    batch   150/7225  ce=4.1292  aux=5.9178  lr=2.81e-05  ETA=26.8min
    batch   200/7225  ce=4.2536  aux=5.9180  lr=2.79e-05  ETA=26.6min
    batch   250/7225  ce=4.0075  aux=5.9180  lr=2.77e-05  ETA=26.4min
    batch   300/7225  ce=4.0327  aux=5.9180  lr=2.75e-05  ETA=26.2min
    batch   350/7225  ce=4.0365  aux=5.9180  lr=2.73e-05  ETA=26.0min
    batch   400/7225  ce=3.6562  aux=5.9180  lr=2.71e-05  ETA=25.8min
    batch   450/7225  ce=3.9688  aux=5.9180  lr=2.69e-05  ETA=25.6min
    batch   500/7225  ce=4.3401  aux=5.9178  lr=2.68e-05  ETA=25.4min
    batch   550/7225  ce=4.0756  aux=5.9179  lr=2.66e-05  ETA=25.2min
    batch   600/7225  ce=4.1581  aux=5.9180  lr=2.64e-05  ETA=25.0min
    batch   650/7225  ce=4.0684  aux=5.9178  lr=2.62e-05  ETA=24.9min
    batch   700/7225  ce=3.8947  aux=5.9179  lr=2.60e-05  ETA=24.7min
    batch   750/7225  ce=4.2123  aux=5.9179  lr=2.58e-05  ETA=24.5min
    batch   800/7225  ce=4.1766  aux=5.9180  lr=2.57e-05  ETA=24.3min
    batch   850/7225  ce=4.1666  aux=5.9180  lr=2.55e-05  ETA=24.1min
    batch   900/7225  ce=4.3950  aux=5.9179  lr=2.53e-05  ETA=23.9min
    batch   950/7225  ce=4.2037  aux=5.9180  lr=2.51e-05  ETA=23.7min
    batch  1000/7225  ce=3.9534  aux=5.9179  lr=2.49e-05  ETA=23.5min
    batch  1050/7225  ce=4.0444  aux=5.9179  lr=2.47e-05  ETA=23.3min
    batch  1100/7225  ce=4.0040  aux=5.9180  lr=2.46e-05  ETA=23.1min
    batch  1150/7225  ce=4.2928  aux=5.9178  lr=2.44e-05  ETA=23.0min
    batch  1200/7225  ce=4.0023  aux=5.9180  lr=2.42e-05  ETA=22.8min
    batch  1250/7225  ce=4.0168  aux=5.9179  lr=2.40e-05  ETA=22.6min
    batch  1300/7225  ce=4.0693  aux=5.9179  lr=2.39e-05  ETA=22.4min
    batch  1350/7225  ce=3.9972  aux=5.9179  lr=2.37e-05  ETA=22.2min
    batch  1400/7225  ce=4.1486  aux=5.9180  lr=2.35e-05  ETA=22.0min
    batch  1450/7225  ce=4.1616  aux=5.9179  lr=2.33e-05  ETA=21.8min
    batch  1500/7225  ce=4.1728  aux=5.9180  lr=2.32e-05  ETA=21.6min
    batch  1550/7225  ce=3.9804  aux=5.9179  lr=2.30e-05  ETA=21.4min
    batch  1600/7225  ce=4.3904  aux=5.9180  lr=2.28e-05  ETA=21.3min
    batch  1650/7225  ce=4.3657  aux=5.9179  lr=2.26e-05  ETA=21.1min
    batch  1700/7225  ce=4.2830  aux=5.9179  lr=2.25e-05  ETA=20.9min
    batch  1750/7225  ce=3.9771  aux=5.9179  lr=2.23e-05  ETA=20.7min
    batch  1800/7225  ce=4.1931  aux=5.9179  lr=2.21e-05  ETA=20.5min
    batch  1850/7225  ce=4.1371  aux=5.9179  lr=2.20e-05  ETA=20.3min
    batch  1900/7225  ce=4.2361  aux=5.9179  lr=2.18e-05  ETA=20.1min
    batch  1950/7225  ce=4.2014  aux=5.9179  lr=2.16e-05  ETA=19.9min
    batch  2000/7225  ce=4.0953  aux=5.9179  lr=2.14e-05  ETA=19.7min
    batch  2050/7225  ce=3.8694  aux=5.9181  lr=2.13e-05  ETA=19.6min
    batch  2100/7225  ce=4.2591  aux=5.9180  lr=2.11e-05  ETA=19.4min
    batch  2150/7225  ce=3.9124  aux=5.9179  lr=2.09e-05  ETA=19.2min
    batch  2200/7225  ce=4.4286  aux=5.9178  lr=2.08e-05  ETA=19.0min
    batch  2250/7225  ce=4.3096  aux=5.9180  lr=2.06e-05  ETA=18.8min
    batch  2300/7225  ce=4.2581  aux=5.9180  lr=2.05e-05  ETA=18.6min
    batch  2350/7225  ce=4.1392  aux=5.9180  lr=2.03e-05  ETA=18.4min
    batch  2400/7225  ce=4.1182  aux=5.9180  lr=2.01e-05  ETA=18.2min
    batch  2450/7225  ce=4.0684  aux=5.9179  lr=2.00e-05  ETA=18.0min
    batch  2500/7225  ce=4.1379  aux=5.9179  lr=1.98e-05  ETA=17.9min
    batch  2550/7225  ce=4.0388  aux=5.9179  lr=1.96e-05  ETA=17.7min
    batch  2600/7225  ce=4.0685  aux=5.9179  lr=1.95e-05  ETA=17.5min
    batch  2650/7225  ce=3.8868  aux=5.9180  lr=1.93e-05  ETA=17.3min
    batch  2700/7225  ce=4.2186  aux=5.9179  lr=1.92e-05  ETA=17.1min
    batch  2750/7225  ce=4.2418  aux=5.9179  lr=1.90e-05  ETA=16.9min
    batch  2800/7225  ce=4.1697  aux=5.9178  lr=1.88e-05  ETA=16.7min
    batch  2850/7225  ce=4.0030  aux=5.9180  lr=1.87e-05  ETA=16.5min
    batch  2900/7225  ce=4.3395  aux=5.9178  lr=1.85e-05  ETA=16.3min
    batch  2950/7225  ce=4.0231  aux=5.9179  lr=1.84e-05  ETA=16.2min
    batch  3000/7225  ce=4.2736  aux=5.9179  lr=1.82e-05  ETA=16.0min
    batch  3050/7225  ce=4.0571  aux=5.9178  lr=1.81e-05  ETA=15.8min
    batch  3100/7225  ce=4.2657  aux=5.9180  lr=1.79e-05  ETA=15.6min
    batch  3150/7225  ce=4.2493  aux=5.9179  lr=1.77e-05  ETA=15.4min
    batch  3200/7225  ce=4.1521  aux=5.9180  lr=1.76e-05  ETA=15.2min
    batch  3250/7225  ce=4.3008  aux=5.9178  lr=1.74e-05  ETA=15.0min
    batch  3300/7225  ce=3.9452  aux=5.9178  lr=1.73e-05  ETA=14.8min
    batch  3350/7225  ce=4.2487  aux=5.9178  lr=1.71e-05  ETA=14.6min
    batch  3400/7225  ce=4.2666  aux=5.9178  lr=1.70e-05  ETA=14.5min
    batch  3450/7225  ce=4.3800  aux=5.9178  lr=1.68e-05  ETA=14.3min
    batch  3500/7225  ce=4.3657  aux=5.9179  lr=1.67e-05  ETA=14.1min
    batch  3550/7225  ce=4.0326  aux=5.9178  lr=1.65e-05  ETA=13.9min
    batch  3600/7225  ce=4.0319  aux=5.9179  lr=1.64e-05  ETA=13.7min
    batch  3650/7225  ce=4.2752  aux=5.9179  lr=1.62e-05  ETA=13.5min
    batch  3700/7225  ce=4.1329  aux=5.9178  lr=1.61e-05  ETA=13.3min
    batch  3750/7225  ce=4.1535  aux=5.9179  lr=1.59e-05  ETA=13.1min
    batch  3800/7225  ce=4.2035  aux=5.9179  lr=1.58e-05  ETA=12.9min
    batch  3850/7225  ce=4.0358  aux=5.9179  lr=1.57e-05  ETA=12.8min
    batch  3900/7225  ce=4.0084  aux=5.9179  lr=1.55e-05  ETA=12.6min
    batch  3950/7225  ce=3.9758  aux=5.9178  lr=1.54e-05  ETA=12.4min
    batch  4000/7225  ce=4.2837  aux=5.9179  lr=1.52e-05  ETA=12.2min
    batch  4050/7225  ce=4.0181  aux=5.9179  lr=1.51e-05  ETA=12.0min
    batch  4100/7225  ce=4.0143  aux=5.9180  lr=1.49e-05  ETA=11.8min
    batch  4150/7225  ce=4.0635  aux=5.9179  lr=1.48e-05  ETA=11.6min
    batch  4200/7225  ce=4.2708  aux=5.9178  lr=1.47e-05  ETA=11.4min
    batch  4250/7225  ce=4.3318  aux=5.9178  lr=1.45e-05  ETA=11.2min
    batch  4300/7225  ce=4.4635  aux=5.9179  lr=1.44e-05  ETA=11.1min
    batch  4350/7225  ce=3.8929  aux=5.9179  lr=1.42e-05  ETA=10.9min
    batch  4400/7225  ce=4.2177  aux=5.9178  lr=1.41e-05  ETA=10.7min
    batch  4450/7225  ce=4.1167  aux=5.9179  lr=1.40e-05  ETA=10.5min
    batch  4500/7225  ce=4.0759  aux=5.9178  lr=1.38e-05  ETA=10.3min
    batch  4550/7225  ce=4.2408  aux=5.9178  lr=1.37e-05  ETA=10.1min
    batch  4600/7225  ce=4.2049  aux=5.9180  lr=1.35e-05  ETA=9.9min
    batch  4650/7225  ce=4.1866  aux=5.9179  lr=1.34e-05  ETA=9.7min
    batch  4700/7225  ce=4.2324  aux=5.9178  lr=1.33e-05  ETA=9.5min
    batch  4750/7225  ce=4.1627  aux=5.9178  lr=1.31e-05  ETA=9.4min
    batch  4800/7225  ce=4.1607  aux=5.9178  lr=1.30e-05  ETA=9.2min
    batch  4850/7225  ce=4.3136  aux=5.9177  lr=1.29e-05  ETA=9.0min
    batch  4900/7225  ce=4.1131  aux=5.9178  lr=1.27e-05  ETA=8.8min
    batch  4950/7225  ce=4.3892  aux=5.9178  lr=1.26e-05  ETA=8.6min
    batch  5000/7225  ce=4.1527  aux=5.9178  lr=1.25e-05  ETA=8.4min
    batch  5050/7225  ce=4.1484  aux=5.9179  lr=1.24e-05  ETA=8.2min
    batch  5100/7225  ce=4.1300  aux=5.9178  lr=1.22e-05  ETA=8.0min
    batch  5150/7225  ce=4.2206  aux=5.9178  lr=1.21e-05  ETA=7.8min
    batch  5200/7225  ce=4.0822  aux=5.9179  lr=1.20e-05  ETA=7.7min
    batch  5250/7225  ce=4.1062  aux=5.9180  lr=1.18e-05  ETA=7.5min
    batch  5300/7225  ce=4.1804  aux=5.9178  lr=1.17e-05  ETA=7.3min
    batch  5350/7225  ce=3.9478  aux=5.9178  lr=1.16e-05  ETA=7.1min
    batch  5400/7225  ce=3.9659  aux=5.9179  lr=1.15e-05  ETA=6.9min
    batch  5450/7225  ce=4.1597  aux=5.9178  lr=1.13e-05  ETA=6.7min
    batch  5500/7225  ce=4.0440  aux=5.9179  lr=1.12e-05  ETA=6.5min
    batch  5550/7225  ce=3.9924  aux=5.9178  lr=1.11e-05  ETA=6.3min
    batch  5600/7225  ce=4.0842  aux=5.9178  lr=1.10e-05  ETA=6.1min
    batch  5650/7225  ce=3.9428  aux=5.9179  lr=1.08e-05  ETA=6.0min
    batch  5700/7225  ce=4.0947  aux=5.9178  lr=1.07e-05  ETA=5.8min
    batch  5750/7225  ce=4.2617  aux=5.9179  lr=1.06e-05  ETA=5.6min
    batch  5800/7225  ce=4.2672  aux=5.9178  lr=1.05e-05  ETA=5.4min
    batch  5850/7225  ce=4.2280  aux=5.9179  lr=1.04e-05  ETA=5.2min
    batch  5900/7225  ce=4.0932  aux=5.9178  lr=1.02e-05  ETA=5.0min
    batch  5950/7225  ce=4.1417  aux=5.9178  lr=1.01e-05  ETA=4.8min
    batch  6000/7225  ce=4.2688  aux=5.9179  lr=1.00e-05  ETA=4.6min
    batch  6050/7225  ce=4.1335  aux=5.9178  lr=9.89e-06  ETA=4.4min
    batch  6100/7225  ce=4.2259  aux=5.9177  lr=9.78e-06  ETA=4.2min
    batch  6150/7225  ce=4.3319  aux=5.9177  lr=9.66e-06  ETA=4.1min
    batch  6200/7225  ce=4.1813  aux=5.9178  lr=9.55e-06  ETA=3.9min
    batch  6250/7225  ce=3.8726  aux=5.9179  lr=9.43e-06  ETA=3.7min
    batch  6300/7225  ce=4.2635  aux=5.9178  lr=9.32e-06  ETA=3.5min
    batch  6350/7225  ce=4.3613  aux=5.9179  lr=9.21e-06  ETA=3.3min
    batch  6400/7225  ce=3.9427  aux=5.9178  lr=9.10e-06  ETA=3.1min
    batch  6450/7225  ce=4.3891  aux=5.9179  lr=8.98e-06  ETA=2.9min
    batch  6500/7225  ce=4.1049  aux=5.9178  lr=8.87e-06  ETA=2.7min
    batch  6550/7225  ce=4.1614  aux=5.9178  lr=8.76e-06  ETA=2.6min
    batch  6600/7225  ce=4.0485  aux=5.9178  lr=8.65e-06  ETA=2.4min
    batch  6650/7225  ce=4.2718  aux=5.9178  lr=8.54e-06  ETA=2.2min
    batch  6700/7225  ce=4.2111  aux=5.9178  lr=8.44e-06  ETA=2.0min
    batch  6750/7225  ce=4.4017  aux=5.9177  lr=8.33e-06  ETA=1.8min
    batch  6800/7225  ce=4.3424  aux=5.9177  lr=8.22e-06  ETA=1.6min
    batch  6850/7225  ce=4.0303  aux=5.9178  lr=8.12e-06  ETA=1.4min
    batch  6900/7225  ce=4.0660  aux=5.9177  lr=8.01e-06  ETA=1.2min
    batch  6950/7225  ce=4.0533  aux=5.9178  lr=7.91e-06  ETA=1.0min
    batch  7000/7225  ce=4.1810  aux=5.9178  lr=7.80e-06  ETA=0.9min
    batch  7050/7225  ce=4.0317  aux=5.9179  lr=7.70e-06  ETA=0.7min
    batch  7100/7225  ce=4.0620  aux=5.9178  lr=7.60e-06  ETA=0.5min
    batch  7150/7225  ce=4.2023  aux=5.9178  lr=7.49e-06  ETA=0.3min
    batch  7200/7225  ce=3.9375  aux=5.9178  lr=7.39e-06  ETA=0.1min
  Epoch 9  train=4.1340  aux=5.9179  val=4.0997  ppl=60.3  best=4.0997  [14805.8s] *
    batch    50/7225  ce=4.2294  aux=5.9177  lr=7.24e-06  ETA=27.3min
    batch   100/7225  ce=4.3051  aux=5.9178  lr=7.14e-06  ETA=27.1min
    batch   150/7225  ce=4.1794  aux=5.9178  lr=7.04e-06  ETA=26.8min
    batch   200/7225  ce=3.9822  aux=5.9178  lr=6.94e-06  ETA=26.6min
    batch   250/7225  ce=4.0101  aux=5.9178  lr=6.85e-06  ETA=26.4min
    batch   300/7225  ce=4.1603  aux=5.9178  lr=6.75e-06  ETA=26.2min
    batch   350/7225  ce=3.9235  aux=5.9178  lr=6.65e-06  ETA=26.1min
    batch   400/7225  ce=3.9508  aux=5.9178  lr=6.56e-06  ETA=25.9min
    batch   450/7225  ce=4.2995  aux=5.9177  lr=6.46e-06  ETA=25.7min
    batch   500/7225  ce=4.0729  aux=5.9178  lr=6.37e-06  ETA=25.5min
    batch   550/7225  ce=3.9236  aux=5.9178  lr=6.27e-06  ETA=25.3min
    batch   600/7225  ce=4.3555  aux=5.9178  lr=6.18e-06  ETA=25.1min
    batch   650/7225  ce=4.1015  aux=5.9179  lr=6.09e-06  ETA=24.9min
    batch   700/7225  ce=4.0377  aux=5.9178  lr=6.00e-06  ETA=24.7min
    batch   750/7225  ce=4.1003  aux=5.9179  lr=5.91e-06  ETA=24.5min
    batch   800/7225  ce=3.9509  aux=5.9178  lr=5.82e-06  ETA=24.3min
    batch   850/7225  ce=4.0987  aux=5.9177  lr=5.73e-06  ETA=24.1min
    batch   900/7225  ce=4.0205  aux=5.9177  lr=5.64e-06  ETA=24.0min
    batch   950/7225  ce=3.9549  aux=5.9178  lr=5.55e-06  ETA=23.8min
    batch  1000/7225  ce=4.2246  aux=5.9179  lr=5.46e-06  ETA=23.6min
    batch  1050/7225  ce=4.0652  aux=5.9178  lr=5.37e-06  ETA=23.4min
    batch  1100/7225  ce=3.9778  aux=5.9178  lr=5.29e-06  ETA=23.2min
    batch  1150/7225  ce=3.9963  aux=5.9177  lr=5.20e-06  ETA=23.0min
    batch  1200/7225  ce=4.0041  aux=5.9177  lr=5.12e-06  ETA=22.8min
    batch  1250/7225  ce=3.9423  aux=5.9178  lr=5.03e-06  ETA=22.6min
    batch  1300/7225  ce=4.2474  aux=5.9178  lr=4.95e-06  ETA=22.4min
    batch  1350/7225  ce=4.3052  aux=5.9178  lr=4.87e-06  ETA=22.2min
    batch  1400/7225  ce=4.1853  aux=5.9177  lr=4.79e-06  ETA=22.1min
    batch  1450/7225  ce=4.0021  aux=5.9178  lr=4.70e-06  ETA=21.9min
    batch  1500/7225  ce=4.1735  aux=5.9178  lr=4.62e-06  ETA=21.7min
    batch  1550/7225  ce=4.0633  aux=5.9177  lr=4.54e-06  ETA=21.5min
    batch  1600/7225  ce=4.1088  aux=5.9178  lr=4.46e-06  ETA=21.3min
    batch  1650/7225  ce=4.2068  aux=5.9178  lr=4.39e-06  ETA=21.1min
    batch  1700/7225  ce=4.1588  aux=5.9177  lr=4.31e-06  ETA=20.9min
    batch  1750/7225  ce=4.0773  aux=5.9177  lr=4.23e-06  ETA=20.7min
    batch  1800/7225  ce=4.0344  aux=5.9179  lr=4.15e-06  ETA=20.5min
    batch  1850/7225  ce=4.0218  aux=5.9178  lr=4.08e-06  ETA=20.3min
    batch  1900/7225  ce=3.7893  aux=5.9179  lr=4.00e-06  ETA=20.2min
    batch  1950/7225  ce=3.9630  aux=5.9177  lr=3.93e-06  ETA=20.0min
    batch  2000/7225  ce=4.2048  aux=5.9177  lr=3.85e-06  ETA=19.8min
    batch  2050/7225  ce=3.7655  aux=5.9179  lr=3.78e-06  ETA=19.6min
    batch  2100/7225  ce=4.4591  aux=5.9178  lr=3.71e-06  ETA=19.4min
    batch  2150/7225  ce=4.2805  aux=5.9177  lr=3.64e-06  ETA=19.2min
    batch  2200/7225  ce=4.2574  aux=5.9178  lr=3.57e-06  ETA=19.0min
    batch  2250/7225  ce=3.9240  aux=5.9178  lr=3.50e-06  ETA=18.8min
    batch  2300/7225  ce=3.9767  aux=5.9177  lr=3.43e-06  ETA=18.6min
    batch  2350/7225  ce=4.3317  aux=5.9177  lr=3.36e-06  ETA=18.5min
    batch  2400/7225  ce=4.0104  aux=5.9178  lr=3.29e-06  ETA=18.3min
    batch  2450/7225  ce=3.9305  aux=5.9177  lr=3.22e-06  ETA=18.1min
    batch  2500/7225  ce=3.9967  aux=5.9178  lr=3.15e-06  ETA=17.9min
    batch  2550/7225  ce=3.9723  aux=5.9178  lr=3.09e-06  ETA=17.7min
    batch  2600/7225  ce=4.0381  aux=5.9178  lr=3.02e-06  ETA=17.5min
    batch  2650/7225  ce=4.2238  aux=5.9177  lr=2.96e-06  ETA=17.3min
    batch  2700/7225  ce=4.2474  aux=5.9178  lr=2.89e-06  ETA=17.1min
    batch  2750/7225  ce=4.2503  aux=5.9177  lr=2.83e-06  ETA=16.9min
    batch  2800/7225  ce=4.1183  aux=5.9177  lr=2.77e-06  ETA=16.7min
    batch  2850/7225  ce=4.3237  aux=5.9177  lr=2.71e-06  ETA=16.6min
    batch  2900/7225  ce=4.2159  aux=5.9178  lr=2.64e-06  ETA=16.4min
    batch  2950/7225  ce=4.1691  aux=5.9177  lr=2.58e-06  ETA=16.2min
    batch  3000/7225  ce=4.1885  aux=5.9177  lr=2.52e-06  ETA=16.0min
    batch  3050/7225  ce=4.1684  aux=5.9177  lr=2.46e-06  ETA=15.8min
    batch  3100/7225  ce=4.0573  aux=5.9177  lr=2.41e-06  ETA=15.6min
    batch  3150/7225  ce=4.2840  aux=5.9177  lr=2.35e-06  ETA=15.4min
    batch  3200/7225  ce=4.0877  aux=5.9177  lr=2.29e-06  ETA=15.2min
    batch  3250/7225  ce=4.1939  aux=5.9177  lr=2.24e-06  ETA=15.0min
    batch  3300/7225  ce=4.2627  aux=5.9177  lr=2.18e-06  ETA=14.9min
    batch  3350/7225  ce=3.9761  aux=5.9178  lr=2.12e-06  ETA=14.7min
    batch  3400/7225  ce=3.9059  aux=5.9178  lr=2.07e-06  ETA=14.5min
    batch  3450/7225  ce=4.1435  aux=5.9177  lr=2.02e-06  ETA=14.3min
    batch  3500/7225  ce=4.3083  aux=5.9177  lr=1.96e-06  ETA=14.1min
    batch  3550/7225  ce=3.8619  aux=5.9180  lr=1.91e-06  ETA=13.9min
    batch  3600/7225  ce=4.0896  aux=5.9178  lr=1.86e-06  ETA=13.7min
    batch  3650/7225  ce=4.1167  aux=5.9177  lr=1.81e-06  ETA=13.5min
    batch  3700/7225  ce=4.1623  aux=5.9177  lr=1.76e-06  ETA=13.3min
    batch  3750/7225  ce=4.3249  aux=5.9177  lr=1.71e-06  ETA=13.1min
    batch  3800/7225  ce=3.9858  aux=5.9178  lr=1.66e-06  ETA=13.0min
    batch  3850/7225  ce=4.2365  aux=5.9179  lr=1.61e-06  ETA=12.8min
    batch  3900/7225  ce=4.1318  aux=5.9177  lr=1.56e-06  ETA=12.6min
    batch  3950/7225  ce=3.9550  aux=5.9177  lr=1.52e-06  ETA=12.4min
    batch  4000/7225  ce=4.1902  aux=5.9178  lr=1.47e-06  ETA=12.2min
    batch  4050/7225  ce=4.4022  aux=5.9177  lr=1.43e-06  ETA=12.0min
    batch  4100/7225  ce=4.2928  aux=5.9177  lr=1.38e-06  ETA=11.8min
    batch  4150/7225  ce=4.2887  aux=5.9177  lr=1.34e-06  ETA=11.6min
    batch  4200/7225  ce=3.9870  aux=5.9178  lr=1.30e-06  ETA=11.4min
    batch  4250/7225  ce=4.0869  aux=5.9178  lr=1.25e-06  ETA=11.3min
    batch  4300/7225  ce=4.2212  aux=5.9178  lr=1.21e-06  ETA=11.1min
    batch  4350/7225  ce=4.2467  aux=5.9176  lr=1.17e-06  ETA=10.9min
    batch  4400/7225  ce=4.2274  aux=5.9178  lr=1.13e-06  ETA=10.7min
    batch  4450/7225  ce=4.2833  aux=5.9178  lr=1.09e-06  ETA=10.5min
    batch  4500/7225  ce=3.9503  aux=5.9177  lr=1.05e-06  ETA=10.3min
    batch  4550/7225  ce=4.2852  aux=5.9177  lr=1.01e-06  ETA=10.1min
    batch  4600/7225  ce=4.3186  aux=5.9176  lr=9.76e-07  ETA=9.9min
    batch  4650/7225  ce=4.2275  aux=5.9177  lr=9.39e-07  ETA=9.7min
    batch  4700/7225  ce=4.2180  aux=5.9177  lr=9.03e-07  ETA=9.6min
    batch  4750/7225  ce=4.1298  aux=5.9178  lr=8.68e-07  ETA=9.4min
    batch  4800/7225  ce=4.3521  aux=5.9177  lr=8.33e-07  ETA=9.2min
    batch  4850/7225  ce=4.2110  aux=5.9177  lr=7.99e-07  ETA=9.0min
    batch  4900/7225  ce=4.2651  aux=5.9177  lr=7.66e-07  ETA=8.8min
    batch  4950/7225  ce=4.3078  aux=5.9177  lr=7.33e-07  ETA=8.6min
    batch  5000/7225  ce=4.0575  aux=5.9179  lr=7.01e-07  ETA=8.4min
    batch  5050/7225  ce=4.2217  aux=5.9177  lr=6.70e-07  ETA=8.2min
    batch  5100/7225  ce=4.4068  aux=5.9177  lr=6.40e-07  ETA=8.0min
    batch  5150/7225  ce=4.0744  aux=5.9177  lr=6.10e-07  ETA=7.8min
    batch  5200/7225  ce=3.9117  aux=5.9177  lr=5.81e-07  ETA=7.7min
    batch  5250/7225  ce=4.1506  aux=5.9177  lr=5.53e-07  ETA=7.5min
    batch  5300/7225  ce=4.3068  aux=5.9177  lr=5.25e-07  ETA=7.3min
    batch  5350/7225  ce=4.2172  aux=5.9177  lr=4.98e-07  ETA=7.1min
    batch  5400/7225  ce=4.0725  aux=5.9177  lr=4.72e-07  ETA=6.9min
    batch  5450/7225  ce=4.2974  aux=5.9177  lr=4.47e-07  ETA=6.7min
    batch  5500/7225  ce=4.1483  aux=5.9177  lr=4.22e-07  ETA=6.5min
    batch  5550/7225  ce=4.3055  aux=5.9176  lr=3.98e-07  ETA=6.3min
    batch  5600/7225  ce=4.1655  aux=5.9177  lr=3.74e-07  ETA=6.1min
    batch  5650/7225  ce=4.0990  aux=5.9177  lr=3.52e-07  ETA=6.0min
    batch  5700/7225  ce=4.2681  aux=5.9178  lr=3.30e-07  ETA=5.8min
    batch  5750/7225  ce=4.3328  aux=5.9177  lr=3.08e-07  ETA=5.6min
    batch  5800/7225  ce=4.1673  aux=5.9177  lr=2.88e-07  ETA=5.4min
    batch  5850/7225  ce=4.2079  aux=5.9177  lr=2.68e-07  ETA=5.2min
    batch  5900/7225  ce=4.2566  aux=5.9177  lr=2.49e-07  ETA=5.0min
    batch  5950/7225  ce=4.2916  aux=5.9178  lr=2.30e-07  ETA=4.8min
    batch  6000/7225  ce=3.9139  aux=5.9178  lr=2.13e-07  ETA=4.6min
    batch  6050/7225  ce=3.7785  aux=5.9178  lr=1.96e-07  ETA=4.4min
    batch  6100/7225  ce=4.0594  aux=5.9177  lr=1.79e-07  ETA=4.3min
    batch  6150/7225  ce=4.1431  aux=5.9179  lr=1.64e-07  ETA=4.1min
    batch  6200/7225  ce=4.1232  aux=5.9178  lr=1.49e-07  ETA=3.9min
    batch  6250/7225  ce=4.2776  aux=5.9177  lr=1.35e-07  ETA=3.7min
    batch  6300/7225  ce=4.1854  aux=5.9177  lr=1.21e-07  ETA=3.5min
    batch  6350/7225  ce=4.1210  aux=5.9177  lr=1.09e-07  ETA=3.3min
    batch  6400/7225  ce=4.1201  aux=5.9177  lr=9.65e-08  ETA=3.1min
    batch  6450/7225  ce=4.2742  aux=5.9178  lr=8.52e-08  ETA=2.9min
    batch  6500/7225  ce=3.9940  aux=5.9177  lr=7.45e-08  ETA=2.7min
    batch  6550/7225  ce=4.1457  aux=5.9177  lr=6.46e-08  ETA=2.6min
    batch  6600/7225  ce=4.2361  aux=5.9176  lr=5.54e-08  ETA=2.4min
    batch  6650/7225  ce=4.1226  aux=5.9178  lr=4.69e-08  ETA=2.2min
    batch  6700/7225  ce=4.4192  aux=5.9177  lr=3.91e-08  ETA=2.0min
    batch  6750/7225  ce=4.1276  aux=5.9179  lr=3.20e-08  ETA=1.8min
    batch  6800/7225  ce=4.0796  aux=5.9177  lr=2.56e-08  ETA=1.6min
    batch  6850/7225  ce=4.0527  aux=5.9177  lr=1.99e-08  ETA=1.4min
    batch  6900/7225  ce=4.2900  aux=5.9178  lr=1.50e-08  ETA=1.2min
    batch  6950/7225  ce=4.1363  aux=5.9177  lr=1.07e-08  ETA=1.0min
    batch  7000/7225  ce=4.1784  aux=5.9177  lr=7.18e-09  ETA=0.9min
    batch  7050/7225  ce=4.1129  aux=5.9177  lr=4.34e-09  ETA=0.7min
    batch  7100/7225  ce=3.8675  aux=5.9176  lr=2.22e-09  ETA=0.5min
    batch  7150/7225  ce=4.0171  aux=5.9178  lr=7.98e-10  ETA=0.3min
    batch  7200/7225  ce=4.2136  aux=5.9177  lr=8.86e-11  ETA=0.1min
  Epoch 10  train=4.1467  aux=5.9178  val=4.1646  ppl=64.4  best=4.0997  [16448.2s]  (no-improve 1/3)
  DONE in 16449.0s (274.2min)  best_val=4.0997  ppl=60.3
